,name,number,year,sex
1,maria,8838,2002,F
2,lucia,7712,2002,F
3,paula,5956,2002,F
4,laura,5544,2002,F
5,marta,4644,2002,F
6,alba,4622,2002,F
7,andrea,4446,2002,F
8,sara,3521,2002,F
9,ana,3388,2002,F
10,nerea,3183,2002,F
11,claudia,2935,2002,F
12,marina,2633,2002,F
13,cristina,2621,2002,F
14,elena,2420,2002,F
15,irene,2324,2002,F
16,natalia,2290,2002,F
17,carla,2194,2002,F
18,carmen,2050,2002,F
19,nuria,1861,2002,F
20,ainhoa,1641,2002,F
21,patricia,1592,2002,F
22,julia,1581,2002,F
23,rocio,1513,2002,F
24,angela,1509,2002,F
25,sandra,1473,2002,F
26,raquel,1437,2002,F
27,sofia,1404,2002,F
28,alicia,1242,2002,F
29,noelia,1225,2002,F
30,clara,1220,2002,F
31,alejandra,1159,2002,F
32,miriam,1156,2002,F
33,eva,1146,2002,F
34,isabel,1134,2002,F
35,silvia,1123,2002,F
36,celia,1088,2002,F
37,lorena,1081,2002,F
38,ines,1070,2002,F
39,beatriz,905,2002,F
40,mireia,880,2002,F
41,laia,875,2002,F
42,lidia,871,2002,F
43,carlota,846,2002,F
44,blanca,836,2002,F
45,adriana,801,2002,F
46,ariadna,794,2002,F
47,carolina,781,2002,F
48,anna,778,2002,F
49,monica,744,2002,F
50,ana maria,734,2002,F
51,veronica,677,2002,F
52,aitana,675,2002,F
53,victoria,662,2002,F
54,esther,659,2002,F
55,judith,618,2002,F
56,gisela,611,2002,F
57,lara,554,2002,F
58,sonia,553,2002,F
59,mar,544,2002,F
60,daniela,531,2002,F
61,aida,514,2002,F
62,emma,514,2002,F
63,aroa,507,2002,F
64,belen,499,2002,F
65,helena,492,2002,F
66,aina,488,2002,F
67,leire,486,2002,F
68,teresa,479,2002,F
69,ainara,470,2002,F
70,judit,451,2002,F
71,paola,442,2002,F
72,yaiza,440,2002,F
73,sheila,435,2002,F
74,maria del carmen,429,2002,F
75,noemi,412,2002,F
76,berta,410,2002,F
77,fatima,409,2002,F
78,naiara,409,2002,F
79,ainoa,406,2002,F
80,maria jose,400,2002,F
81,gema,395,2002,F
82,paloma,394,2002,F
83,rebeca,387,2002,F
84,tania,387,2002,F
85,zaira,385,2002,F
86,ane,383,2002,F
87,erika,383,2002,F
88,martina,354,2002,F
89,susana,348,2002,F
90,elisa,347,2002,F
91,alba maria,346,2002,F
92,salma,343,2002,F
93,candela,338,2002,F
94,pilar,337,2002,F
95,valeria,330,2002,F
96,nadia,328,2002,F
97,estela,325,2002,F
98,jennifer,303,2002,F
99,irati,299,2002,F
100,inmaculada,296,2002,F
101,gabriela,291,2002,F
102,diana,290,2002,F
103,virginia,290,2002,F
104,iria,282,2002,F
105,lydia,278,2002,F
106,saray,269,2002,F
107,jessica,267,2002,F
108,gemma,265,2002,F
109,almudena,263,2002,F
110,gloria,262,2002,F
111,alexia,261,2002,F
112,amanda,260,2002,F
113,estefania,255,2002,F
114,carmen maria,254,2002,F
115,maria del mar,254,2002,F
116,nora,253,2002,F
117,alexandra,248,2002,F
118,desiree,247,2002,F
119,mariona,247,2002,F
120,rosa,246,2002,F
121,olga,245,2002,F
122,manuela,244,2002,F
123,yolanda,244,2002,F
124,nayara,241,2002,F
125,leyre,239,2002,F
126,barbara,235,2002,F
127,elsa,234,2002,F
128,iris,233,2002,F
129,ana isabel,229,2002,F
130,ruth,225,2002,F
131,mercedes,221,2002,F
132,ana belen,219,2002,F
133,lola,219,2002,F
134,isabel maria,213,2002,F
135,mireya,210,2002,F
136,soraya,209,2002,F
137,luna,208,2002,F
138,maria isabel,208,2002,F
139,yasmina,202,2002,F
140,jimena,201,2002,F
141,noa,201,2002,F
142,vanesa,199,2002,F
143,eva maria,195,2002,F
144,itziar,193,2002,F
145,cecilia,192,2002,F
146,antia,191,2002,F
147,neus,191,2002,F
148,aurora,190,2002,F
149,vanessa,188,2002,F
150,maider,186,2002,F
159,lucia,9035,2003,F
160,maria,8709,2003,F
161,paula,7003,2003,F
162,laura,5451,2003,F
163,marta,4608,2003,F
164,andrea,4487,2003,F
165,alba,4321,2003,F
166,sara,3314,2003,F
167,claudia,3285,2003,F
168,ana,3157,2003,F
169,nerea,3102,2003,F
170,carla,2592,2003,F
171,elena,2407,2003,F
172,cristina,2390,2003,F
173,ainhoa,2218,2003,F
174,natalia,2204,2003,F
175,marina,2193,2003,F
176,irene,2180,2003,F
177,carmen,2081,2003,F
178,nuria,1733,2003,F
179,julia,1723,2003,F
180,angela,1593,2003,F
181,sofia,1547,2003,F
182,rocio,1511,2003,F
183,sandra,1395,2003,F
184,alejandra,1370,2003,F
185,noelia,1362,2003,F
186,patricia,1314,2003,F
187,raquel,1285,2003,F
188,clara,1279,2003,F
189,celia,1187,2003,F
190,alicia,1158,2003,F
191,ines,1123,2003,F
192,miriam,1121,2003,F
193,silvia,1120,2003,F
194,isabel,1071,2003,F
195,eva,1058,2003,F
196,lorena,982,2003,F
197,laia,945,2003,F
198,beatriz,889,2003,F
199,carlota,852,2003,F
200,carolina,830,2003,F
201,daniela,828,2003,F
202,lidia,796,2003,F
203,blanca,790,2003,F
204,ariadna,773,2003,F
205,adriana,742,2003,F
206,anna,740,2003,F
207,monica,724,2003,F
208,aitana,723,2003,F
209,mireia,722,2003,F
210,judith,721,2003,F
211,ainara,655,2003,F
212,ana maria,640,2003,F
213,lara,609,2003,F
214,victoria,608,2003,F
215,mar,594,2003,F
216,naiara,576,2003,F
217,candela,569,2003,F
218,esther,566,2003,F
219,aroa,548,2003,F
220,paola,546,2003,F
221,aina,545,2003,F
222,teresa,544,2003,F
223,sonia,536,2003,F
224,emma,527,2003,F
225,leire,518,2003,F
226,veronica,491,2003,F
227,aida,474,2003,F
228,belen,469,2003,F
229,yaiza,466,2003,F
230,sheila,458,2003,F
231,gisela,452,2003,F
232,judit,451,2003,F
233,martina,451,2003,F
234,berta,447,2003,F
235,erika,444,2003,F
236,noa,443,2003,F
237,helena,431,2003,F
238,noemi,427,2003,F
239,fatima,422,2003,F
240,desiree,415,2003,F
241,rebeca,405,2003,F
242,salma,404,2003,F
243,ane,385,2003,F
244,valeria,376,2003,F
245,zaira,376,2003,F
246,nora,362,2003,F
247,maria jose,361,2003,F
248,paloma,358,2003,F
249,tania,353,2003,F
250,elisa,332,2003,F
251,irati,330,2003,F
252,nadia,329,2003,F
253,diana,325,2003,F
254,gema,324,2003,F
255,susana,322,2003,F
256,saray,321,2003,F
257,alexia,319,2003,F
258,gabriela,319,2003,F
259,nayara,318,2003,F
260,pilar,318,2003,F
261,iria,317,2003,F
262,jimena,295,2003,F
263,estela,285,2003,F
264,amanda,282,2003,F
265,alba maria,274,2003,F
266,alexandra,272,2003,F
267,lydia,272,2003,F
268,luna,266,2003,F
269,lola,265,2003,F
270,iris,260,2003,F
271,jennifer,260,2003,F
272,elsa,258,2003,F
273,olga,253,2003,F
274,rosa,250,2003,F
275,naroa,249,2003,F
276,maria del mar,248,2003,F
277,almudena,243,2003,F
278,ruth,241,2003,F
279,inmaculada,240,2003,F
280,yolanda,240,2003,F
281,leyre,233,2003,F
282,manuela,231,2003,F
283,yasmina,230,2003,F
284,gloria,229,2003,F
285,maria isabel,229,2003,F
286,mariona,229,2003,F
287,ana isabel,227,2003,F
288,carmen maria,227,2003,F
289,gemma,224,2003,F
290,ana belen,220,2003,F
291,nahia,217,2003,F
292,barbara,215,2003,F
293,estefania,215,2003,F
294,jessica,215,2003,F
295,mireya,213,2003,F
296,virginia,211,2003,F
297,eva maria,210,2003,F
298,izaro,209,2003,F
299,neus,207,2003,F
300,uxia,206,2003,F
301,mercedes,201,2003,F
302,vanesa,201,2003,F
303,antia,199,2003,F
304,itziar,199,2003,F
305,soraya,195,2003,F
306,cecilia,194,2003,F
314,lucia,10370,2004,F
315,maria,7865,2004,F
316,paula,7147,2004,F
317,laura,5638,2004,F
318,marta,4583,2004,F
319,alba,4232,2004,F
320,andrea,4141,2004,F
321,claudia,3379,2004,F
322,sara,3189,2004,F
323,nerea,3118,2004,F
324,carla,2974,2004,F
325,ana,2918,2004,F
326,natalia,2536,2004,F
327,irene,2226,2004,F
328,marina,2217,2004,F
329,cristina,2213,2004,F
330,elena,2184,2004,F
331,carmen,2147,2004,F
332,julia,2088,2004,F
333,ainhoa,2026,2004,F
334,rocio,1701,2004,F
335,sofia,1695,2004,F
336,angela,1645,2004,F
337,nuria,1559,2004,F
338,alejandra,1514,2004,F
339,sandra,1310,2004,F
340,alicia,1250,2004,F
341,clara,1238,2004,F
342,patricia,1236,2004,F
343,celia,1235,2004,F
344,eva,1200,2004,F
345,ines,1196,2004,F
346,noelia,1196,2004,F
347,daniela,1185,2004,F
348,laia,1142,2004,F
349,raquel,1133,2004,F
350,silvia,1054,2004,F
351,isabel,1043,2004,F
352,lorena,1026,2004,F
353,miriam,978,2004,F
354,adriana,970,2004,F
355,blanca,944,2004,F
356,ariadna,930,2004,F
357,aitana,896,2004,F
358,aroa,890,2004,F
359,candela,855,2004,F
360,carolina,829,2004,F
361,beatriz,815,2004,F
362,carlota,802,2004,F
363,ainara,781,2004,F
364,victoria,741,2004,F
365,mireia,723,2004,F
366,anna,721,2004,F
367,lidia,721,2004,F
368,judith,678,2004,F
369,martina,671,2004,F
370,monica,660,2004,F
371,mar,658,2004,F
372,lara,648,2004,F
373,naiara,640,2004,F
374,erika,622,2004,F
375,ana maria,613,2004,F
376,aina,606,2004,F
377,emma,584,2004,F
378,yaiza,583,2004,F
379,paola,573,2004,F
380,esther,571,2004,F
381,leire,540,2004,F
382,helena,525,2004,F
383,sonia,495,2004,F
384,sheila,493,2004,F
385,berta,486,2004,F
386,rebeca,484,2004,F
387,gisela,474,2004,F
388,judit,471,2004,F
389,noa,455,2004,F
390,teresa,446,2004,F
391,fatima,436,2004,F
392,nora,427,2004,F
393,belen,422,2004,F
394,gabriela,420,2004,F
395,nayara,418,2004,F
396,veronica,418,2004,F
397,jimena,417,2004,F
398,lola,410,2004,F
399,desiree,399,2004,F
400,salma,396,2004,F
401,elsa,392,2004,F
402,valeria,392,2004,F
403,maria del carmen,390,2004,F
404,abril,386,2004,F
405,leyre,379,2004,F
406,estela,377,2004,F
407,noemi,377,2004,F
408,iria,369,2004,F
409,gema,364,2004,F
410,ane,360,2004,F
411,nadia,357,2004,F
412,irati,356,2004,F
413,luna,347,2004,F
414,saray,338,2004,F
415,maria jose,335,2004,F
416,diana,334,2004,F
417,zaira,334,2004,F
418,elisa,327,2004,F
419,tania,321,2004,F
420,lydia,320,2004,F
421,iris,316,2004,F
422,alexandra,295,2004,F
423,alexia,293,2004,F
424,naroa,290,2004,F
425,almudena,284,2004,F
426,pilar,280,2004,F
427,manuela,274,2004,F
428,paloma,274,2004,F
429,susana,274,2004,F
430,alba maria,269,2004,F
431,maria del mar,265,2004,F
432,ruth,263,2004,F
433,aya,262,2004,F
434,itziar,262,2004,F
435,olga,261,2004,F
436,amanda,260,2004,F
437,jana,254,2004,F
438,mariona,253,2004,F
439,africa,247,2004,F
440,uxia,247,2004,F
441,nahia,246,2004,F
442,soraya,245,2004,F
443,gemma,238,2004,F
444,inmaculada,238,2004,F
445,gloria,234,2004,F
446,mireya,230,2004,F
447,uxue,230,2004,F
448,rosa,226,2004,F
449,jessica,225,2004,F
450,june,220,2004,F
451,yolanda,220,2004,F
452,leticia,214,2004,F
453,antia,212,2004,F
454,mariam,212,2004,F
455,naia,212,2004,F
456,jennifer,211,2004,F
457,maria isabel,211,2004,F
458,izaro,207,2004,F
459,nazaret,206,2004,F
460,virginia,205,2004,F
461,estefania,202,2004,F
462,maialen,201,2004,F
463,yasmina,201,2004,F
464,ingrid,200,2004,F
465,ainoa,194,2004,F
466,neus,189,2004,F
467,lucia,10146,2005,F
468,maria,7784,2005,F
469,paula,6684,2005,F
470,laura,5276,2005,F
471,marta,4592,2005,F
472,alba,3976,2005,F
473,claudia,3907,2005,F
474,carla,3631,2005,F
475,andrea,3474,2005,F
476,sara,3343,2005,F
477,nerea,3040,2005,F
478,irene,2815,2005,F
479,ana,2701,2005,F
480,natalia,2591,2005,F
481,julia,2410,2005,F
482,elena,2271,2005,F
483,carmen,2253,2005,F
484,sofia,2221,2005,F
485,marina,2021,2005,F
486,cristina,1926,2005,F
487,ainhoa,1897,2005,F
488,rocio,1748,2005,F
489,daniela,1691,2005,F
490,angela,1678,2005,F
491,alejandra,1553,2005,F
492,aitana,1434,2005,F
493,nuria,1433,2005,F
494,sandra,1386,2005,F
495,ines,1287,2005,F
496,laia,1201,2005,F
497,alicia,1160,2005,F
498,candela,1153,2005,F
499,raquel,1129,2005,F
500,patricia,1123,2005,F
501,celia,1108,2005,F
502,adriana,1104,2005,F
503,eva,1096,2005,F
504,clara,1094,2005,F
505,ariadna,1049,2005,F
506,noelia,1041,2005,F
507,silvia,1002,2005,F
508,martina,950,2005,F
509,carlota,948,2005,F
510,carolina,947,2005,F
511,blanca,945,2005,F
512,isabel,944,2005,F
513,miriam,905,2005,F
514,lorena,834,2005,F
515,noa,827,2005,F
516,ainara,816,2005,F
517,beatriz,792,2005,F
518,aroa,760,2005,F
519,victoria,755,2005,F
520,lidia,754,2005,F
521,mireia,748,2005,F
522,emma,722,2005,F
523,mar,698,2005,F
524,naiara,686,2005,F
525,helena,656,2005,F
526,judith,650,2005,F
527,aina,603,2005,F
528,anna,603,2005,F
529,erika,602,2005,F
530,lara,587,2005,F
531,yaiza,578,2005,F
532,paola,560,2005,F
533,leire,557,2005,F
534,monica,552,2005,F
535,diana,549,2005,F
536,berta,547,2005,F
537,ana maria,537,2005,F
538,jimena,536,2005,F
539,nayara,525,2005,F
540,esther,523,2005,F
541,nora,514,2005,F
542,lola,510,2005,F
543,abril,493,2005,F
544,gabriela,473,2005,F
545,judit,473,2005,F
546,valeria,469,2005,F
547,tania,468,2005,F
548,elsa,466,2005,F
549,teresa,462,2005,F
550,rebeca,449,2005,F
551,belen,446,2005,F
552,gisela,446,2005,F
553,fatima,445,2005,F
554,luna,442,2005,F
555,salma,440,2005,F
556,sheila,438,2005,F
557,saray,436,2005,F
558,maria del carmen,407,2005,F
559,sonia,406,2005,F
560,yanira,397,2005,F
561,noemi,394,2005,F
562,nadia,386,2005,F
563,veronica,383,2005,F
564,iria,372,2005,F
565,irati,371,2005,F
566,africa,370,2005,F
567,lucia,9454,2006,F
568,maria,7702,2006,F
569,paula,6516,2006,F
570,laura,5144,2006,F
571,claudia,4756,2006,F
572,irene,4506,2006,F
573,marta,4359,2006,F
574,alba,4296,2006,F
575,sara,4150,2006,F
576,carla,3571,2006,F
577,andrea,3272,2006,F
578,nerea,2956,2006,F
579,julia,2648,2006,F
580,natalia,2612,2006,F
581,elena,2576,2006,F
582,ana,2566,2006,F
583,sofia,2554,2006,F
584,carmen,2360,2006,F
585,daniela,2313,2006,F
586,marina,1985,2006,F
587,cristina,1908,2006,F
588,ainhoa,1890,2006,F
589,aitana,1864,2006,F
590,rocio,1849,2006,F
591,angela,1836,2006,F
592,alejandra,1630,2006,F
593,ines,1626,2006,F
594,nuria,1467,2006,F
595,adriana,1381,2006,F
596,sandra,1369,2006,F
597,laia,1344,2006,F
598,candela,1336,2006,F
599,ariadna,1254,2006,F
600,martina,1223,2006,F
601,celia,1199,2006,F
602,alicia,1167,2006,F
603,clara,1157,2006,F
604,ainara,1140,2006,F
605,eva,1112,2006,F
606,noa,1106,2006,F
607,noelia,1078,2006,F
608,carlota,1074,2006,F
609,miriam,1051,2006,F
610,patricia,1047,2006,F
611,blanca,1040,2006,F
612,isabel,1019,2006,F
613,silvia,1010,2006,F
614,raquel,991,2006,F
615,lorena,969,2006,F
616,carolina,882,2006,F
617,jimena,845,2006,F
618,lidia,826,2006,F
619,aroa,812,2006,F
620,emma,807,2006,F
621,valeria,784,2006,F
622,helena,775,2006,F
623,victoria,768,2006,F
624,mar,756,2006,F
625,beatriz,740,2006,F
626,judith,725,2006,F
627,naiara,717,2006,F
628,mireia,682,2006,F
629,paola,679,2006,F
630,lola,653,2006,F
631,aina,642,2006,F
632,anna,640,2006,F
633,saray,639,2006,F
634,nayara,621,2006,F
635,erika,620,2006,F
636,lara,618,2006,F
637,leire,618,2006,F
638,nora,613,2006,F
639,ana maria,605,2006,F
640,berta,605,2006,F
641,luna,578,2006,F
642,gabriela,569,2006,F
643,esther,567,2006,F
644,yaiza,566,2006,F
645,elsa,564,2006,F
646,abril,561,2006,F
647,yanira,548,2006,F
648,monica,542,2006,F
649,salma,532,2006,F
650,diana,518,2006,F
651,africa,515,2006,F
652,tania,504,2006,F
653,iria,483,2006,F
654,sheila,471,2006,F
655,fatima,466,2006,F
656,leyre,465,2006,F
657,teresa,452,2006,F
658,aya,440,2006,F
659,nadia,437,2006,F
660,sonia,418,2006,F
661,jana,404,2006,F
662,rebeca,403,2006,F
663,maria del carmen,396,2006,F
664,soraya,395,2006,F
665,zaira,394,2006,F
666,gema,393,2006,F
667,lucia,8192,2007,F
668,maria,6927,2007,F
669,paula,6402,2007,F
670,sara,4606,2007,F
671,laura,4335,2007,F
672,claudia,4122,2007,F
673,irene,3959,2007,F
674,marta,3900,2007,F
675,alba,3883,2007,F
676,carla,3638,2007,F
677,andrea,2890,2007,F
678,julia,2624,2007,F
679,ana,2606,2007,F
680,sofia,2577,2007,F
681,nerea,2570,2007,F
682,daniela,2508,2007,F
683,natalia,2423,2007,F
684,carmen,2382,2007,F
685,elena,2281,2007,F
686,rocio,1865,2007,F
687,ainhoa,1843,2007,F
688,aitana,1799,2007,F
689,marina,1769,2007,F
690,ines,1745,2007,F
691,angela,1729,2007,F
692,cristina,1684,2007,F
693,martina,1639,2007,F
694,alejandra,1610,2007,F
695,adriana,1546,2007,F
696,noa,1521,2007,F
697,candela,1401,2007,F
698,nuria,1319,2007,F
699,ariadna,1250,2007,F
700,laia,1201,2007,F
701,celia,1182,2007,F
702,ainara,1159,2007,F
703,clara,1152,2007,F
704,sandra,1138,2007,F
705,carlota,1135,2007,F
706,blanca,1132,2007,F
707,alicia,1085,2007,F
708,eva,1037,2007,F
709,miriam,1017,2007,F
710,valeria,1015,2007,F
711,carolina,961,2007,F
712,emma,960,2007,F
713,isabel,951,2007,F
714,naiara,935,2007,F
715,noelia,931,2007,F
716,raquel,929,2007,F
717,silvia,918,2007,F
718,jimena,906,2007,F
719,lorena,902,2007,F
720,aroa,896,2007,F
721,erika,877,2007,F
722,patricia,873,2007,F
723,victoria,854,2007,F
724,mar,768,2007,F
725,lola,756,2007,F
726,paola,682,2007,F
727,leire,665,2007,F
728,jana,661,2007,F
729,nayara,659,2007,F
730,nora,654,2007,F
731,gabriela,648,2007,F
732,lidia,647,2007,F
733,aina,643,2007,F
734,lara,639,2007,F
735,helena,629,2007,F
736,sheila,614,2007,F
737,mireia,613,2007,F
738,anna,610,2007,F
739,judith,610,2007,F
740,berta,594,2007,F
741,saray,590,2007,F
742,elsa,565,2007,F
743,leyre,565,2007,F
744,yanira,564,2007,F
745,beatriz,558,2007,F
746,luna,543,2007,F
747,africa,541,2007,F
748,yaiza,524,2007,F
749,ana maria,521,2007,F
750,abril,519,2007,F
751,esther,516,2007,F
752,salma,512,2007,F
753,aya,509,2007,F
754,monica,492,2007,F
755,diana,466,2007,F
756,teresa,456,2007,F
757,iria,449,2007,F
758,fatima,442,2007,F
759,nadia,441,2007,F
760,uxue,426,2007,F
761,nahia,422,2007,F
762,rebeca,410,2007,F
763,alexandra,397,2007,F
764,manuela,387,2007,F
765,ane,372,2007,F
766,estela,368,2007,F
767,lucia,8013,2008,F
768,maria,6883,2008,F
769,paula,6806,2008,F
770,sara,4730,2008,F
771,carla,4271,2008,F
772,claudia,4095,2008,F
773,laura,4023,2008,F
774,marta,3927,2008,F
775,irene,3759,2008,F
776,alba,3706,2008,F
777,sofia,3246,2008,F
778,daniela,2953,2008,F
779,julia,2866,2008,F
780,andrea,2621,2008,F
781,ana,2503,2008,F
782,carmen,2450,2008,F
783,elena,2363,2008,F
784,nerea,2318,2008,F
785,natalia,2162,2008,F
786,martina,2122,2008,F
787,rocio,1936,2008,F
788,marina,1928,2008,F
789,aitana,1816,2008,F
790,alejandra,1783,2008,F
791,noa,1766,2008,F
792,ines,1759,2008,F
793,ainhoa,1757,2008,F
794,angela,1726,2008,F
795,adriana,1686,2008,F
796,cristina,1472,2008,F
797,celia,1403,2008,F
798,candela,1369,2008,F
799,laia,1341,2008,F
800,nuria,1306,2008,F
801,ainara,1289,2008,F
802,ariadna,1289,2008,F
803,carlota,1271,2008,F
804,emma,1250,2008,F
805,alicia,1235,2008,F
806,blanca,1209,2008,F
807,valeria,1168,2008,F
808,clara,1079,2008,F
809,eva,1073,2008,F
810,miriam,1071,2008,F
811,noelia,1051,2008,F
812,aroa,1025,2008,F
813,sandra,1025,2008,F
814,patricia,1023,2008,F
815,leire,1018,2008,F
816,carolina,1018,2008,F
817,isabel,964,2008,F
818,jimena,960,2008,F
819,erika,957,2008,F
820,victoria,952,2008,F
821,lola,948,2008,F
822,silvia,886,2008,F
823,naiara,872,2008,F
824,raquel,857,2008,F
825,nora,849,2008,F
826,lorena,792,2008,F
827,nayara,759,2008,F
828,paola,723,2008,F
829,aina,699,2008,F
830,leyre,691,2008,F
831,jana,673,2008,F
832,africa,671,2008,F
833,lara,670,2008,F
834,mireia,662,2008,F
835,salma,655,2008,F
836,anna,652,2008,F
837,mar,646,2008,F
838,gabriela,641,2008,F
839,berta,639,2008,F
840,abril,634,2008,F
841,elsa,624,2008,F
842,helena,609,2008,F
843,lidia,605,2008,F
844,aya,602,2008,F
845,ana maria,574,2008,F
846,sheila,562,2008,F
847,beatriz,555,2008,F
848,judith,548,2008,F
849,fatima,543,2008,F
850,yaiza,531,2008,F
851,esther,523,2008,F
852,diana,513,2008,F
853,luna,512,2008,F
854,teresa,482,2008,F
855,iria,473,2008,F
856,monica,472,2008,F
857,nadia,470,2008,F
858,saray,469,2008,F
859,sonia,456,2008,F
860,alexia,440,2008,F
861,nahia,433,2008,F
862,manuela,431,2008,F
863,noemi,429,2008,F
864,naia,422,2008,F
865,estela,418,2008,F
866,ane,395,2008,F
867,lucia,6847,2009,F
868,paula,6549,2009,F
869,maria,6113,2009,F
870,sara,4417,2009,F
871,daniela,4279,2009,F
872,carla,3976,2009,F
873,claudia,3711,2009,F
874,marta,3583,2009,F
875,irene,3545,2009,F
876,sofia,3449,2009,F
877,alba,3377,2009,F
878,laura,3263,2009,F
879,julia,2707,2009,F
880,carmen,2425,2009,F
881,martina,2353,2009,F
882,ana,2274,2009,F
883,aitana,2156,2009,F
884,elena,2137,2009,F
885,andrea,2107,2009,F
886,adriana,2056,2009,F
887,ainhoa,2034,2009,F
888,nerea,2012,2009,F
889,natalia,1787,2009,F
890,noa,1749,2009,F
891,alejandra,1687,2009,F
892,ariadna,1676,2009,F
893,rocio,1633,2009,F
894,ines,1613,2009,F
895,angela,1600,2009,F
896,marina,1580,2009,F
897,leire,1509,2009,F
898,laia,1375,2009,F
899,ainara,1283,2009,F
900,cristina,1279,2009,F
901,carlota,1264,2009,F
902,celia,1263,2009,F
903,candela,1252,2009,F
904,valeria,1198,2009,F
905,blanca,1185,2009,F
906,emma,1174,2009,F
907,clara,1124,2009,F
908,nuria,1120,2009,F
909,alicia,1111,2009,F
910,lola,1032,2009,F
911,jimena,990,2009,F
912,eva,981,2009,F
913,victoria,962,2009,F
914,leyre,945,2009,F
915,miriam,943,2009,F
916,aroa,940,2009,F
917,naiara,933,2009,F
918,carolina,925,2009,F
919,noelia,875,2009,F
920,nora,854,2009,F
921,sandra,820,2009,F
922,isabel,817,2009,F
923,silvia,799,2009,F
924,patricia,795,2009,F
925,raquel,751,2009,F
926,aya,717,2009,F
927,erika,716,2009,F
928,nayara,686,2009,F
929,mar,672,2009,F
930,gabriela,665,2009,F
931,lara,642,2009,F
932,aina,640,2009,F
933,elsa,635,2009,F
934,lorena,611,2009,F
935,mireia,592,2009,F
936,abril,590,2009,F
937,berta,583,2009,F
938,africa,573,2009,F
939,salma,568,2009,F
940,paola,564,2009,F
941,jana,559,2009,F
942,lidia,555,2009,F
943,anna,529,2009,F
944,beatriz,515,2009,F
945,malak,506,2009,F
946,diana,496,2009,F
947,gisela,490,2009,F
948,helena,484,2009,F
949,fatima,470,2009,F
950,iria,464,2009,F
951,yaiza,463,2009,F
952,luna,444,2009,F
953,naia,442,2009,F
954,nadia,435,2009,F
955,sheila,424,2009,F
956,judith,416,2009,F
957,manuela,415,2009,F
958,saray,415,2009,F
959,ana maria,414,2009,F
960,iris,411,2009,F
961,mara,406,2009,F
962,monica,406,2009,F
963,valentina,406,2009,F
964,esther,399,2009,F
965,nahia,392,2009,F
966,alexandra,370,2009,F
967,lucia,6624,2010,F
968,paula,5859,2010,F
969,maria,5767,2010,F
970,daniela,4680,2010,F
971,sara,4662,2010,F
972,carla,3711,2010,F
973,claudia,3635,2010,F
974,sofia,3528,2010,F
975,alba,3440,2010,F
976,irene,3318,2010,F
977,marta,3205,2010,F
978,laura,3157,2010,F
979,julia,2985,2010,F
980,martina,2877,2010,F
981,carmen,2390,2010,F
982,adriana,2344,2010,F
983,aitana,2190,2010,F
984,elena,2169,2010,F
985,ana,2140,2010,F
986,noa,2030,2010,F
987,nerea,1906,2010,F
988,alejandra,1805,2010,F
989,ainhoa,1780,2010,F
990,andrea,1738,2010,F
991,natalia,1659,2010,F
992,ines,1645,2010,F
993,marina,1544,2010,F
994,ariadna,1522,2010,F
995,rocio,1498,2010,F
996,angela,1470,2010,F
997,leire,1374,2010,F
998,valeria,1340,2010,F
999,laia,1299,2010,F
1000,ainara,1297,2010,F
1001,emma,1257,2010,F
1002,celia,1232,2010,F
1003,candela,1219,2010,F
1004,blanca,1213,2010,F
1005,carlota,1212,2010,F
1006,lola,1163,2010,F
1007,alicia,1148,2010,F
1008,jimena,1147,2010,F
1009,cristina,1138,2010,F
1010,nora,1078,2010,F
1011,nuria,1021,2010,F
1012,clara,1004,2010,F
1013,aroa,966,2010,F
1014,eva,965,2010,F
1015,carolina,919,2010,F
1016,victoria,908,2010,F
1017,leyre,905,2010,F
1018,noelia,837,2010,F
1019,naiara,792,2010,F
1020,miriam,792,2010,F
1021,isabel,792,2010,F
1022,sandra,739,2010,F
1023,aina,734,2010,F
1024,aya,696,2010,F
1025,lara,685,2010,F
1026,patricia,682,2010,F
1027,silvia,671,2010,F
1028,malak,671,2010,F
1029,erika,670,2010,F
1030,gabriela,668,2010,F
1031,africa,655,2010,F
1032,nayara,644,2010,F
1033,mar,618,2010,F
1034,abril,618,2010,F
1035,berta,606,2010,F
1036,elsa,585,2010,F
1037,raquel,565,2010,F
1038,helena,564,2010,F
1039,paola,563,2010,F
1040,mireia,537,2010,F
1041,salma,535,2010,F
1042,olivia,514,2010,F
1043,vega,505,2010,F
1044,lidia,503,2010,F
1045,naia,498,2010,F
1046,alma,493,2010,F
1047,iria,488,2010,F
1048,lorena,485,2010,F
1049,anna,483,2010,F
1050,diana,463,2010,F
1051,jana,461,2010,F
1052,luna,460,2010,F
1053,fatima,457,2010,F
1054,beatriz,450,2010,F
1055,saray,445,2010,F
1056,yaiza,440,2010,F
1057,manuela,417,2010,F
1058,valentina,413,2010,F
1059,mara,409,2010,F
1060,alexia,404,2010,F
1061,esther,399,2010,F
1062,nadia,390,2010,F
1063,iris,386,2010,F
1064,alexandra,385,2010,F
1065,ana maria,383,2010,F
1066,teresa,375,2010,F
1067,monica,375,2010,F
1068,lucia,6143,2011,F
1069,paula,5462,2011,F
1070,maria,5339,2011,F
1071,sara,4345,2011,F
1072,daniela,4270,2011,F
1073,carla,3937,2011,F
1074,sofia,3445,2011,F
1075,alba,3329,2011,F
1076,claudia,3323,2011,F
1077,martina,3315,2011,F
1078,julia,3101,2011,F
1079,marta,2979,2011,F
1080,irene,2909,2011,F
1081,laura,2739,2011,F
1082,valeria,2566,2011,F
1083,carmen,2472,2011,F
1084,adriana,2437,2011,F
1085,elena,2258,2011,F
1086,noa,2129,2011,F
1087,ana,2072,2011,F
1088,ainhoa,1983,2011,F
1089,nerea,1944,2011,F
1090,aitana,1918,2011,F
1091,alejandra,1875,2011,F
1092,ines,1647,2011,F
1093,marina,1606,2011,F
1094,emma,1569,2011,F
1095,natalia,1565,2011,F
1096,andrea,1517,2011,F
1097,rocio,1445,2011,F
1098,laia,1422,2011,F
1099,ariadna,1417,2011,F
1100,angela,1332,2011,F
1101,ainara,1318,2011,F
1102,carlota,1282,2011,F
1103,jimena,1261,2011,F
1104,lola,1252,2011,F
1105,candela,1250,2011,F
1106,alicia,1203,2011,F
1107,celia,1185,2011,F
1108,blanca,1140,2011,F
1109,leire,1080,2011,F
1110,cristina,1046,2011,F
1111,clara,1010,2011,F
1112,nora,1009,2011,F
1113,nuria,909,2011,F
1114,eva,907,2011,F
1115,aroa,902,2011,F
1116,victoria,887,2011,F
1117,carolina,812,2011,F
1118,isabel,771,2011,F
1119,noelia,722,2011,F
1120,aina,715,2011,F
1121,naiara,697,2011,F
1122,mar,687,2011,F
1123,elsa,678,2011,F
1124,olivia,677,2011,F
1125,abril,662,2011,F
1126,leyre,661,2011,F
1127,miriam,644,2011,F
1128,gabriela,640,2011,F
1129,vega,636,2011,F
1130,alma,631,2011,F
1131,erika,621,2011,F
1132,silvia,621,2011,F
1133,lara,608,2011,F
1134,sandra,606,2011,F
1135,africa,596,2011,F
1136,helena,577,2011,F
1137,aya,574,2011,F
1138,patricia,565,2011,F
1139,berta,563,2011,F
1140,valentina,559,2011,F
1141,mireia,541,2011,F
1142,nayara,515,2011,F
1143,salma,511,2011,F
1144,raquel,505,2011,F
1145,paola,501,2011,F
1146,naia,498,2011,F
1147,iria,481,2011,F
1148,vera,479,2011,F
1149,alexia,473,2011,F
1150,anna,473,2011,F
1151,malak,463,2011,F
1152,manuela,460,2011,F
1153,jana,439,2011,F
1154,diana,438,2011,F
1155,alexandra,437,2011,F
1156,nahia,435,2011,F
1157,lidia,421,2011,F
1158,mara,421,2011,F
1159,ane,414,2011,F
1160,teresa,409,2011,F
1161,fatima,400,2011,F
1162,yaiza,400,2011,F
1163,zoe,400,2011,F
1164,beatriz,391,2011,F
1165,ona,388,2011,F
1166,nadia,387,2011,F
1167,luna,384,2011,F
1168,lucia,6363,2012,F
1169,maria,5823,2012,F
1170,paula,5375,2012,F
1171,daniela,4748,2012,F
1172,sara,4456,2012,F
1173,carla,4193,2012,F
1174,martina,3995,2012,F
1175,sofia,3822,2012,F
1176,julia,3784,2012,F
1177,alba,3633,2012,F
1178,valeria,3612,2012,F
1179,claudia,3584,2012,F
1180,irene,3105,2012,F
1181,marta,2964,2012,F
1182,laura,2825,2012,F
1183,noa,2742,2012,F
1184,carmen,2700,2012,F
1185,adriana,2434,2012,F
1186,ainhoa,2364,2012,F
1187,elena,2364,2012,F
1188,ana,2268,2012,F
1189,aitana,2104,2012,F
1190,emma,2085,2012,F
1191,alejandra,2083,2012,F
1192,nerea,1943,2012,F
1193,marina,1784,2012,F
1194,ariadna,1716,2012,F
1195,ines,1677,2012,F
1196,laia,1647,2012,F
1197,andrea,1599,2012,F
1198,rocio,1575,2012,F
1199,ainara,1521,2012,F
1200,angela,1521,2012,F
1201,carlota,1482,2012,F
1202,jimena,1420,2012,F
1203,lola,1408,2012,F
1204,candela,1394,2012,F
1205,natalia,1348,2012,F
1206,celia,1329,2012,F
1207,valentina,1300,2012,F
1208,alicia,1297,2012,F
1209,leire,1278,2012,F
1210,blanca,1247,2012,F
1211,nora,1194,2012,F
1212,eva,1147,2012,F
1213,clara,1132,2012,F
1214,cristina,1056,2012,F
1215,victoria,990,2012,F
1216,aroa,947,2012,F
1217,leyre,947,2012,F
1218,vega,944,2012,F
1219,olivia,939,2012,F
1220,nuria,907,2012,F
1221,carolina,894,2012,F
1222,noelia,821,2012,F
1223,isabel,819,2012,F
1224,aina,812,2012,F
1225,alma,797,2012,F
1226,lara,769,2012,F
1227,abril,752,2012,F
1228,elsa,740,2012,F
1229,mar,724,2012,F
1230,miriam,713,2012,F
1231,vera,708,2012,F
1232,gabriela,701,2012,F
1233,naiara,672,2012,F
1234,silvia,661,2012,F
1235,berta,651,2012,F
1236,helena,633,2012,F
1237,aya,604,2012,F
1238,sandra,596,2012,F
1239,erika,580,2012,F
1240,naia,574,2012,F
1241,manuela,568,2012,F
1242,iria,565,2012,F
1243,africa,556,2012,F
1244,raquel,554,2012,F
1245,mireia,547,2012,F
1246,paola,547,2012,F
1247,mara,546,2012,F
1248,anna,535,2012,F
1249,alexia,529,2012,F
1250,nayara,524,2012,F
1251,patricia,524,2012,F
1252,zoe,521,2012,F
1253,nahia,506,2012,F
1254,salma,494,2012,F
1255,malak,484,2012,F
1256,diana,471,2012,F
1257,nadia,471,2012,F
1258,iris,461,2012,F
1259,jana,461,2012,F
1260,ane,459,2012,F
1261,lidia,440,2012,F
1262,chloe,418,2012,F
1263,arlet,416,2012,F
1264,ona,411,2012,F
1265,irati,405,2012,F
1266,judith,401,2012,F
1267,luna,401,2012,F
1268,lucia,5206,2013,F
1269,maria,4931,2013,F
1270,paula,4359,2013,F
1271,daniela,3818,2013,F
1272,martina,3620,2013,F
1273,carla,3439,2013,F
1274,sara,3319,2013,F
1275,sofia,3304,2013,F
1276,valeria,3221,2013,F
1277,julia,3206,2013,F
1278,alba,3063,2013,F
1279,claudia,2648,2013,F
1280,noa,2627,2013,F
1281,marta,2219,2013,F
1282,irene,2102,2013,F
1283,emma,2099,2013,F
1284,carmen,2084,2013,F
1285,laura,2000,2013,F
1286,ana,1831,2013,F
1287,ainhoa,1817,2013,F
1288,elena,1777,2013,F
1289,adriana,1738,2013,F
1290,valentina,1683,2013,F
1291,alejandra,1566,2013,F
1292,ines,1550,2013,F
1293,aitana,1540,2013,F
1294,ariadna,1496,2013,F
1295,leire,1321,2013,F
1296,ainara,1314,2013,F
1297,laia,1305,2013,F
1298,nerea,1292,2013,F
1299,marina,1271,2013,F
1300,andrea,1252,2013,F
1301,carlota,1222,2013,F
1302,lola,1195,2013,F
1303,jimena,1189,2013,F
1304,angela,1181,2013,F
1305,candela,1171,2013,F
1306,rocio,1149,2013,F
1307,blanca,1146,2013,F
1308,vera,1128,2013,F
1309,nora,1104,2013,F
1310,alicia,1079,2013,F
1311,celia,1037,2013,F
1312,vega,1008,2013,F
1313,natalia,1002,2013,F
1314,clara,987,2013,F
1315,leyre,954,2013,F
1316,victoria,866,2013,F
1317,eva,864,2013,F
1318,olivia,818,2013,F
1319,isabel,772,2013,F
1320,cristina,743,2013,F
1321,aina,725,2013,F
1322,aroa,691,2013,F
1323,nuria,671,2013,F
1324,lara,656,2013,F
1325,alma,650,2013,F
1326,abril,641,2013,F
1327,carolina,635,2013,F
1328,elsa,590,2013,F
1329,mar,580,2013,F
1330,mara,563,2013,F
1331,gabriela,537,2013,F
1332,manuela,536,2013,F
1333,zoe,529,2013,F
1334,noelia,523,2013,F
1335,africa,522,2013,F
1336,iria,511,2013,F
1337,berta,507,2013,F
1338,alexia,499,2013,F
1339,erika,494,2013,F
1340,helena,491,2013,F
1341,miriam,489,2013,F
1342,naiara,488,2013,F
1343,silvia,482,2013,F
1344,aya,456,2013,F
1345,salma,453,2013,F
1346,naia,449,2013,F
1347,nayara,445,2013,F
1348,chloe,440,2013,F
1349,mireia,438,2013,F
1350,paola,426,2013,F
1351,ona,425,2013,F
1352,sandra,421,2013,F
1353,malak,406,2013,F
1354,raquel,400,2013,F
1355,ane,397,2013,F
1356,nahia,397,2013,F
1357,jana,392,2013,F
1358,diana,384,2013,F
1359,patricia,378,2013,F
1360,mia,372,2013,F
1361,anna,370,2013,F
1362,iris,368,2013,F
1363,yanira,360,2013,F
1364,luna,357,2013,F
1365,arlet,353,2013,F
1366,nadia,348,2013,F
1367,lidia,341,2013,F
1368,lucia,5161,2014,F
1369,maria,4951,2014,F
1370,martina,4380,2014,F
1371,paula,4210,2014,F
1372,daniela,3792,2014,F
1373,sofia,3568,2014,F
1374,valeria,3246,2014,F
1375,carla,3138,2014,F
1376,sara,3116,2014,F
1377,alba,3111,2014,F
1378,julia,3107,2014,F
1379,noa,2744,2014,F
1380,emma,2479,2014,F
1381,claudia,2456,2014,F
1382,carmen,2147,2014,F
1383,marta,1998,2014,F
1384,valentina,1936,2014,F
1385,irene,1902,2014,F
1386,adriana,1881,2014,F
1387,ana,1797,2014,F
1388,laura,1794,2014,F
1389,elena,1781,2014,F
1390,alejandra,1552,2014,F
1391,ainhoa,1485,2014,F
1392,ines,1410,2014,F
1393,aitana,1392,2014,F
1394,marina,1378,2014,F
1395,vera,1350,2014,F
1396,candela,1331,2014,F
1397,laia,1327,2014,F
1398,ariadna,1305,2014,F
1399,ainara,1251,2014,F
1400,lola,1250,2014,F
1401,leire,1228,2014,F
1402,andrea,1174,2014,F
1403,nerea,1173,2014,F
1404,carlota,1138,2014,F
1405,rocio,1131,2014,F
1406,angela,1129,2014,F
1407,vega,1129,2014,F
1408,nora,1115,2014,F
1409,jimena,1082,2014,F
1410,blanca,1052,2014,F
1411,alicia,1018,2014,F
1412,clara,991,2014,F
1413,olivia,979,2014,F
1414,celia,929,2014,F
1415,alma,919,2014,F
1416,eva,911,2014,F
1417,elsa,904,2014,F
1418,leyre,874,2014,F
1419,natalia,872,2014,F
1420,victoria,829,2014,F
1421,isabel,729,2014,F
1422,cristina,703,2014,F
1423,lara,687,2014,F
1424,abril,685,2014,F
1425,triana,666,2014,F
1426,nuria,651,2014,F
1427,aroa,629,2014,F
1428,carolina,624,2014,F
1429,aina,613,2014,F
1430,manuela,593,2014,F
1431,chloe,591,2014,F
1432,mia,564,2014,F
1433,mar,532,2014,F
1434,gabriela,529,2014,F
1435,mara,528,2014,F
1436,zoe,526,2014,F
1437,ona,512,2014,F
1438,africa,491,2014,F
1439,iria,491,2014,F
1440,naia,487,2014,F
1441,helena,475,2014,F
1442,paola,469,2014,F
1443,noelia,468,2014,F
1444,nahia,456,2014,F
1445,miriam,453,2014,F
1446,salma,447,2014,F
1447,naiara,441,2014,F
1448,berta,439,2014,F
1449,lia,438,2014,F
1450,alexia,434,2014,F
1451,nayara,412,2014,F
1452,ane,408,2014,F
1453,elia,407,2014,F
1454,malak,407,2014,F
1455,jana,405,2014,F
1456,arlet,403,2014,F
1457,diana,389,2014,F
1458,aya,388,2014,F
1459,silvia,385,2014,F
1460,iris,376,2014,F
1461,luna,372,2014,F
1462,yanira,366,2014,F
1463,fatima,363,2014,F
1464,erika,363,2014,F
1465,mireia,354,2014,F
1466,sandra,353,2014,F
1467,anna,348,2014,F
1468,lucia,5229,2015,F
1469,maria,4516,2015,F
1470,martina,4447,2015,F
1471,paula,3854,2015,F
1472,sofia,3525,2015,F
1473,daniela,3392,2015,F
1474,alba,3082,2015,F
1475,julia,3006,2015,F
1476,carla,2951,2015,F
1477,sara,2936,2015,F
1478,valeria,2924,2015,F
1479,noa,2900,2015,F
1480,emma,2518,2015,F
1481,claudia,2398,2015,F
1482,carmen,2156,2015,F
1483,marta,1845,2015,F
1484,valentina,1842,2015,F
1485,irene,1760,2015,F
1486,adriana,1758,2015,F
1487,ana,1755,2015,F
1488,laura,1649,2015,F
1489,elena,1586,2015,F
1490,alejandra,1580,2015,F
1491,olivia,1438,2015,F
1492,ines,1381,2015,F
1493,lola,1369,2015,F
1494,aitana,1339,2015,F
1495,ariadna,1339,2015,F
1496,vera,1328,2015,F
1497,laia,1316,2015,F
1498,vega,1291,2015,F
1499,alma,1265,2015,F
1500,candela,1238,2015,F
1501,marina,1235,2015,F
1502,ainhoa,1232,2015,F
1503,elsa,1170,2015,F
1504,jimena,1166,2015,F
1505,triana,1160,2015,F
1506,leire,1156,2015,F
1507,carlota,1146,2015,F
1508,blanca,1125,2015,F
1509,rocio,1113,2015,F
1510,ainara,1074,2015,F
1511,alicia,1038,2015,F
1512,nora,1034,2015,F
1513,nerea,1030,2015,F
1514,angela,1005,2015,F
1515,clara,989,2015,F
1516,abril,915,2015,F
1517,leyre,898,2015,F
1518,celia,890,2015,F
1519,andrea,879,2015,F
1520,victoria,862,2015,F
1521,lara,806,2015,F
1522,eva,801,2015,F
1523,mia,769,2015,F
1524,chloe,768,2015,F
1525,natalia,729,2015,F
1526,manuela,724,2015,F
1527,isabel,685,2015,F
1528,aina,679,2015,F
1529,zoe,654,2015,F
1530,cristina,612,2015,F
1531,aroa,581,2015,F
1532,nuria,556,2015,F
1533,alexia,551,2015,F
1534,lia,520,2015,F
1535,carolina,512,2015,F
1536,iria,509,2015,F
1537,africa,505,2015,F
1538,mar,500,2015,F
1539,mara,482,2015,F
1540,gabriela,481,2015,F
1541,ona,461,2015,F
1542,naia,456,2015,F
1543,helena,433,2015,F
1544,paola,430,2015,F
1545,azahara,420,2015,F
1546,noelia,420,2015,F
1547,elia,418,2015,F
1548,iris,414,2015,F
1549,luna,403,2015,F
1550,malak,399,2015,F
1551,nahia,397,2015,F
1552,berta,392,2015,F
1553,aya,391,2015,F
1554,mireia,386,2015,F
1555,salma,385,2015,F
1556,ane,381,2015,F
1557,cayetana,379,2015,F
1558,silvia,375,2015,F
1559,diana,373,2015,F
1560,miriam,372,2015,F
1561,arlet,370,2015,F
1562,nadia,368,2015,F
1563,naiara,360,2015,F
1564,jana,359,2015,F
1565,cloe,352,2015,F
1566,anna,349,2015,F
1567,nayara,346,2015,F
1568,erika,341,2015,F
1569,lucia,4672,2016,F
1570,martina,4308,2016,F
1571,maria,4143,2016,F
1572,sofia,4047,2016,F
1573,paula,3439,2016,F
1574,daniela,3151,2016,F
1575,valeria,3110,2016,F
1576,alba,3042,2016,F
1577,julia,2992,2016,F
1578,noa,2888,2016,F
1579,sara,2811,2016,F
1580,carla,2781,2016,F
1581,emma,2476,2016,F
1582,carmen,2428,2016,F
1583,claudia,2064,2016,F
1584,valentina,1794,2016,F
1585,ana,1739,2016,F
1586,marta,1680,2016,F
1587,irene,1575,2016,F
1588,adriana,1558,2016,F
1589,laura,1519,2016,F
1590,vega,1462,2016,F
1591,elena,1453,2016,F
1592,alejandra,1418,2016,F
1593,alma,1409,2016,F
1594,laia,1395,2016,F
1595,lola,1367,2016,F
1596,vera,1352,2016,F
1597,olivia,1345,2016,F
1598,aitana,1302,2016,F
1599,jimena,1236,2016,F
1600,candela,1209,2016,F
1601,ariadna,1207,2016,F
1602,ines,1183,2016,F
1603,carlota,1160,2016,F
1604,ainhoa,1118,2016,F
1605,nora,1058,2016,F
1606,triana,1056,2016,F
1607,marina,1054,2016,F
1608,chloe,1030,2016,F
1609,alicia,1018,2016,F
1610,clara,991,2016,F
1611,blanca,990,2016,F
1612,leire,980,2016,F
1613,mia,943,2016,F
1614,lara,939,2016,F
1615,rocio,939,2016,F
1616,ainara,936,2016,F
1617,nerea,881,2016,F
1618,abril,878,2016,F
1619,andrea,861,2016,F
1620,leyre,851,2016,F
1621,celia,845,2016,F
1622,manuela,845,2016,F
1623,victoria,838,2016,F
1624,elsa,837,2016,F
1625,angela,795,2016,F
1626,eva,739,2016,F
1627,natalia,676,2016,F
1628,zoe,667,2016,F
1629,aina,606,2016,F
1630,isabel,574,2016,F
1631,ona,540,2016,F
1632,cristina,509,2016,F
1633,lia,507,2016,F
1634,aroa,505,2016,F
1635,gala,497,2016,F
1636,gabriela,489,2016,F
1637,mar,488,2016,F
1638,iria,487,2016,F
1639,nuria,478,2016,F
1640,carolina,477,2016,F
1641,iris,455,2016,F
1642,mara,449,2016,F
1643,arlet,436,2016,F
1644,helena,423,2016,F
1645,luna,421,2016,F
1646,malak,417,2016,F
1647,cayetana,415,2016,F
1648,diana,406,2016,F
1649,naia,405,2016,F
1650,alexia,405,2016,F
1651,paola,402,2016,F
1652,berta,401,2016,F
1653,elia,400,2016,F
1654,africa,396,2016,F
1655,nahia,381,2016,F
1656,amira,371,2016,F
1657,aya,364,2016,F
1658,ane,352,2016,F
1659,salma,349,2016,F
1660,elisa,340,2016,F
1661,miriam,339,2016,F
1662,cloe,332,2016,F
1663,fatima,332,2016,F
1664,jana,332,2016,F
1665,noelia,329,2016,F
1666,anna,312,2016,F
1667,silvia,312,2016,F
1668,mireia,311,2016,F
1669,irati,308,2016,F
1670,lucia,4410,2017,F
1671,sofia,4206,2017,F
1672,maria,3874,2017,F
1673,martina,3814,2017,F
1674,paula,3085,2017,F
1675,julia,2998,2017,F
1676,daniela,2959,2017,F
1677,valeria,2856,2017,F
1678,alba,2678,2017,F
1679,emma,2525,2017,F
1680,carla,2485,2017,F
1681,sara,2411,2017,F
1682,noa,2374,2017,F
1683,carmen,2167,2017,F
1684,claudia,1906,2017,F
1685,valentina,1692,2017,F
1686,alma,1616,2017,F
1687,ana,1538,2017,F
1688,chloe,1422,2017,F
1689,marta,1420,2017,F
1690,olivia,1399,2017,F
1691,elena,1393,2017,F
1692,adriana,1370,2017,F
1693,laia,1363,2017,F
1694,vega,1361,2017,F
1695,vera,1341,2017,F
1696,lola,1336,2017,F
1697,irene,1321,2017,F
1698,jimena,1314,2017,F
1699,alejandra,1274,2017,F
1700,laura,1270,2017,F
1701,ines,1250,2017,F
1702,candela,1221,2017,F
1703,mia,1209,2017,F
1704,triana,1195,2017,F
1705,aitana,1175,2017,F
1706,abril,1033,2017,F
1707,lara,1029,2017,F
1708,carlota,1015,2017,F
1709,ariadna,1007,2017,F
1710,alicia,964,2017,F
1711,marina,952,2017,F
1712,clara,941,2017,F
1713,rocio,927,2017,F
1714,nora,897,2017,F
1715,manuela,884,2017,F
1716,blanca,880,2017,F
1717,victoria,874,2017,F
1718,ainhoa,840,2017,F
1719,andrea,820,2017,F
1720,leyre,814,2017,F
1721,angela,806,2017,F
1722,leire,775,2017,F
1723,nerea,773,2017,F
1724,celia,757,2017,F
1725,eva,756,2017,F
1726,ainara,735,2017,F
1727,zoe,700,2017,F
1728,elsa,655,2017,F
1729,natalia,589,2017,F
1730,isabel,583,2017,F
1731,gala,532,2017,F
1732,lia,529,2017,F
1733,iria,526,2017,F
1734,aina,511,2017,F
1735,ona,501,2017,F
1736,mar,499,2017,F
1737,africa,492,2017,F
1738,luna,474,2017,F
1739,cristina,469,2017,F
1740,cayetana,468,2017,F
1741,amira,453,2017,F
1742,aroa,450,2017,F
1743,gabriela,445,2017,F
1744,iris,442,2017,F
1745,mara,430,2017,F
1746,nuria,411,2017,F
1747,malak,403,2017,F
1748,carolina,402,2017,F
1749,jana,399,2017,F
1750,julieta,395,2017,F
1751,cloe,394,2017,F
1752,arlet,393,2017,F
1753,helena,378,2017,F
1754,alexia,377,2017,F
1755,diana,377,2017,F
1756,naia,373,2017,F
1757,aya,372,2017,F
1758,salma,372,2017,F
1759,paola,368,2017,F
1760,berta,365,2017,F
1761,india,364,2017,F
1762,elia,357,2017,F
1763,anna,345,2017,F
1764,fatima,342,2017,F
1765,adara,337,2017,F
1766,nour,330,2017,F
1767,naiara,330,2017,F
1768,nahia,322,2017,F
1769,elisa,317,2017,F
1770,lucia,4004,2018,F
1771,sofia,3701,2018,F
1772,martina,3534,2018,F
1773,maria,3533,2018,F
1774,paula,2847,2018,F
1775,julia,2738,2018,F
1776,emma,2623,2018,F
1777,valeria,2520,2018,F
1778,daniela,2503,2018,F
1779,alba,2350,2018,F
1780,sara,2252,2018,F
1781,carla,2087,2018,F
1782,carmen,2033,2018,F
1783,noa,1997,2018,F
1784,claudia,1757,2018,F
1785,valentina,1536,2018,F
1786,alma,1493,2018,F
1787,vega,1432,2018,F
1788,ana,1421,2018,F
1789,olivia,1419,2018,F
1790,lola,1376,2018,F
1791,chloe,1367,2018,F
1792,elena,1295,2018,F
1793,aitana,1290,2018,F
1794,lara,1267,2018,F
1795,marta,1228,2018,F
1796,jimena,1226,2018,F
1797,vera,1203,2018,F
1798,alejandra,1199,2018,F
1799,mia,1192,2018,F
1800,laia,1185,2018,F
1801,irene,1143,2018,F
1802,adriana,1130,2018,F
1803,ines,1111,2018,F
1804,abril,1092,2018,F
1805,triana,1059,2018,F
1806,candela,1054,2018,F
1807,carlota,1051,2018,F
1808,laura,1005,2018,F
1809,ariadna,942,2018,F
1810,victoria,933,2018,F
1811,manuela,901,2018,F
1812,marina,885,2018,F
1813,blanca,883,2018,F
1814,clara,879,2018,F
1815,alicia,858,2018,F
1816,nora,847,2018,F
1817,rocio,827,2018,F
1818,leire,795,2018,F
1819,celia,725,2018,F
1820,ainara,690,2018,F
1821,ainhoa,682,2018,F
1822,angela,680,2018,F
1823,eva,678,2018,F
1824,leyre,665,2018,F
1825,elsa,632,2018,F
1826,lia,629,2018,F
1827,zoe,623,2018,F
1828,nerea,618,2018,F
1829,andrea,585,2018,F
1830,gala,568,2018,F
1831,isabel,537,2018,F
1832,amira,508,2018,F
1833,aina,507,2018,F
1834,africa,498,2018,F
1835,natalia,480,2018,F
1836,mar,479,2018,F
1837,cayetana,461,2018,F
1838,gabriela,443,2018,F
1839,diana,434,2018,F
1840,iria,434,2018,F
1841,mara,417,2018,F
1842,iris,406,2018,F
1843,ona,405,2018,F
1844,aroa,401,2018,F
1845,cristina,401,2018,F
1846,india,400,2018,F
1847,nour,394,2018,F
1848,luna,392,2018,F
1849,helena,389,2018,F
1850,cloe,386,2018,F
1851,jana,368,2018,F
1852,lina,361,2018,F
1853,carolina,357,2018,F
1854,elia,353,2018,F
1855,amaia,351,2018,F
1856,naia,348,2018,F
1857,julieta,345,2018,F
1858,berta,344,2018,F
1859,arlet,337,2018,F
1860,nahia,336,2018,F
1861,alexia,330,2018,F
1862,fatima,326,2018,F
1863,salma,325,2018,F
1864,aya,323,2018,F
1865,paola,312,2018,F
1866,isabella,308,2018,F
1867,nuria,307,2018,F
1868,yasmin,304,2018,F
1869,malak,298,2018,F
1870,lucia,3621,2019,F
1871,sofia,3505,2019,F
1872,martina,3172,2019,F
1873,maria,3165,2019,F
1874,julia,2600,2019,F
1875,paula,2498,2019,F
1876,emma,2362,2019,F
1877,daniela,2315,2019,F
1878,valeria,2248,2019,F
1879,alba,2097,2019,F
1880,sara,1995,2019,F
1881,noa,1973,2019,F
1882,carmen,1900,2019,F
1883,carla,1898,2019,F
1884,alma,1650,2019,F
1885,claudia,1599,2019,F
1886,valentina,1566,2019,F
1887,vega,1487,2019,F
1888,lara,1441,2019,F
1889,olivia,1381,2019,F
1890,mia,1378,2019,F
1891,aitana,1368,2019,F
1892,lola,1303,2019,F
1893,chloe,1274,2019,F
1894,ana,1264,2019,F
1895,alejandra,1218,2019,F
1896,abril,1214,2019,F
1897,jimena,1206,2019,F
1898,elena,1180,2019,F
1899,laia,1171,2019,F
1900,adriana,1156,2019,F
1901,candela,1113,2019,F
1902,marta,1098,2019,F
1903,triana,1074,2019,F
1904,irene,1066,2019,F
1905,vera,1063,2019,F
1906,ines,1054,2019,F
1907,carlota,1003,2019,F
1908,laura,937,2019,F
1909,manuela,903,2019,F
1910,ariadna,893,2019,F
1911,victoria,886,2019,F
1912,blanca,880,2019,F
1913,marina,878,2019,F
1914,rocio,830,2019,F
1915,clara,810,2019,F
1916,nora,782,2019,F
1917,alicia,772,2019,F
1918,lia,719,2019,F
1919,leire,719,2019,F
1920,celia,709,2019,F
1921,eva,668,2019,F
1922,gala,655,2019,F
1923,elsa,626,2019,F
1924,angela,618,2019,F
1925,amira,608,2019,F
1926,zoe,597,2019,F
1927,andrea,590,2019,F
1928,ainhoa,582,2019,F
1929,leyre,580,2019,F
1930,isabel,546,2019,F
1931,nerea,524,2019,F
1932,africa,515,2019,F
1933,ainara,508,2019,F
1934,ona,504,2019,F
1935,cayetana,471,2019,F
1936,nour,465,2019,F
1937,luna,455,2019,F
1938,aina,438,2019,F
1939,iria,438,2019,F
1940,mar,427,2019,F
1941,gabriela,417,2019,F
1942,mara,416,2019,F
1943,jana,408,2019,F
1944,natalia,394,2019,F
1945,julieta,379,2019,F
1946,aroa,378,2019,F
1947,cloe,377,2019,F
1948,india,377,2019,F
1949,helena,369,2019,F
1950,cristina,368,2019,F
1951,fatima,356,2019,F
1952,lina,350,2019,F
1953,diana,347,2019,F
1954,naia,343,2019,F
1955,carolina,343,2019,F
1956,iris,342,2019,F
1957,arlet,324,2019,F
1958,alexia,321,2019,F
1959,elia,318,2019,F
1960,greta,312,2019,F
1961,nahia,311,2019,F
1962,yasmin,308,2019,F
1963,malak,303,2019,F
1964,berta,302,2019,F
1965,amaia,301,2019,F
1966,aya,299,2019,F
1967,salma,289,2019,F
1968,isabella,286,2019,F
1969,elisa,277,2019,F
1971,alejandro,8020,2002,M
1972,pablo,5799,2002,M
1973,daniel,5603,2002,M
1974,david,5414,2002,M
1975,adrian,4949,2002,M
1976,javier,4909,2002,M
1977,alvaro,4595,2002,M
1978,sergio,3744,2002,M
1979,carlos,3593,2002,M
1980,mario,2876,2002,M
1981,jorge,2867,2002,M
1982,raul,2722,2002,M
1983,manuel,2696,2002,M
1984,diego,2688,2002,M
1985,miguel,2644,2002,M
1986,ivan,2636,2002,M
1987,antonio,2518,2002,M
1988,juan,2323,2002,M
1989,ruben,2201,2002,M
1990,victor,2077,2002,M
1991,alberto,1980,2002,M
1992,jesus,1875,2002,M
1993,marc,1848,2002,M
1994,oscar,1811,2002,M
1995,angel,1756,2002,M
1996,francisco,1731,2002,M
1997,jose,1647,2002,M
1998,alex,1610,2002,M
1999,marcos,1582,2002,M
2000,jaime,1413,2002,M
2001,ismael,1387,2002,M
2002,luis,1335,2002,M
2003,francisco javier,1300,2002,M
2004,miguel angel,1296,2002,M
2005,pedro,1264,2002,M
2006,samuel,1227,2002,M
2007,cristian,1190,2002,M
2008,jose antonio,1187,2002,M
2009,pau,1186,2002,M
2010,iker,1178,2002,M
2011,andres,1174,2002,M
2012,guillermo,1156,2002,M
2013,rafael,1154,2002,M
2014,ignacio,1145,2002,M
2015,fernando,1131,2002,M
2016,jose manuel,1131,2002,M
2017,nicolas,1025,2002,M
2018,gonzalo,1012,2002,M
2019,gabriel,1005,2002,M
2020,hugo,953,2002,M
2021,joel,944,2002,M
2022,joan,931,2002,M
2023,aaron,904,2002,M
2024,aitor,870,2002,M
2025,pol,861,2002,M
2026,enrique,851,2002,M
2027,eduardo,805,2002,M
2028,jose luis,802,2002,M
2029,rodrigo,780,2002,M
2030,arnau,772,2002,M
2031,jordi,771,2002,M
2032,juan jose,755,2002,M
2033,roberto,753,2002,M
2034,santiago,735,2002,M
2035,christian,688,2002,M
2036,juan manuel,688,2002,M
2037,jose maria,679,2002,M
2038,eric,654,2002,M
2039,lucas,651,2002,M
2040,gerard,619,2002,M
2041,hector,619,2002,M
2042,juan carlos,609,2002,M
2043,sergi,602,2002,M
2044,martin,597,2002,M
2045,juan antonio,578,2002,M
2046,unai,578,2002,M
2047,adria,536,2002,M
2048,kevin,535,2002,M
2049,francisco jose,530,2002,M
2050,xavier,529,2002,M
2051,asier,521,2002,M
2052,albert,518,2002,M
2053,joaquin,498,2002,M
2054,oriol,489,2002,M
2055,borja,480,2002,M
2056,mohamed,472,2002,M
2057,mikel,465,2002,M
2058,jonathan,462,2002,M
2059,jon,453,2002,M
2060,alfonso,450,2002,M
2061,guillem,441,2002,M
2062,ricardo,413,2002,M
2063,cesar,409,2002,M
2064,isaac,398,2002,M
2065,ramon,398,2002,M
2066,jose miguel,389,2002,M
2067,ander,382,2002,M
2068,marco,374,2002,M
2069,salvador,354,2002,M
2070,marti,344,2002,M
2071,roger,340,2002,M
2072,iñigo,338,2002,M
2073,tomas,337,2002,M
2074,abel,327,2002,M
2075,yeray,326,2002,M
2076,aleix,316,2002,M
2077,izan,311,2002,M
2078,josep,311,2002,M
2079,mateo,310,2002,M
2080,miquel,309,2002,M
2081,xabier,302,2002,M
2082,julio,301,2002,M
2083,dario,299,2002,M
2084,saul,297,2002,M
2085,arturo,295,2002,M
2086,julen,293,2002,M
2087,vicente,292,2002,M
2088,juan francisco,281,2002,M
2089,abraham,273,2002,M
2090,luis miguel,269,2002,M
2091,eneko,267,2002,M
2092,erik,264,2002,M
2093,moises,263,2002,M
2094,ferran,261,2002,M
2095,eloy,258,2002,M
2096,emilio,258,2002,M
2097,jaume,255,2002,M
2098,julian,249,2002,M
2099,israel,244,2002,M
2100,sebastian,243,2002,M
2101,jose carlos,236,2002,M
2102,gorka,232,2002,M
2103,jan,231,2002,M
2104,antonio jesus,230,2002,M
2105,jose angel,230,2002,M
2106,carles,222,2002,M
2107,alonso,218,2002,M
2108,brais,218,2002,M
2109,german,216,2002,M
2110,oier,216,2002,M
2111,alexander,215,2002,M
2112,bruno,215,2002,M
2113,edgar,215,2002,M
2114,antonio jose,212,2002,M
2115,agustin,211,2002,M
2116,nil,211,2002,M
2117,markel,207,2002,M
2118,brian,201,2002,M
2119,naim,195,2002,M
2120,omar,195,2002,M
2129,alejandro,7543,2003,M
2130,daniel,6015,2003,M
2131,pablo,5973,2003,M
2132,david,5595,2003,M
2133,javier,4708,2003,M
2134,adrian,4665,2003,M
2135,alvaro,4394,2003,M
2136,sergio,3642,2003,M
2137,carlos,3468,2003,M
2138,hugo,3083,2003,M
2139,mario,2964,2003,M
2140,jorge,2882,2003,M
2141,diego,2873,2003,M
2142,ivan,2853,2003,M
2143,raul,2793,2003,M
2144,manuel,2738,2003,M
2145,miguel,2708,2003,M
2146,antonio,2388,2003,M
2147,ruben,2265,2003,M
2148,juan,2081,2003,M
2149,victor,2025,2003,M
2150,marcos,2016,2003,M
2151,alberto,1963,2003,M
2152,marc,1962,2003,M
2153,jesus,1788,2003,M
2154,alex,1762,2003,M
2155,angel,1636,2003,M
2156,oscar,1630,2003,M
2157,francisco,1608,2003,M
2158,iker,1528,2003,M
2159,jose,1501,2003,M
2160,ismael,1378,2003,M
2161,jaime,1338,2003,M
2162,samuel,1334,2003,M
2163,pau,1300,2003,M
2164,luis,1285,2003,M
2165,miguel angel,1272,2003,M
2166,pedro,1264,2003,M
2167,ignacio,1192,2003,M
2168,rafael,1156,2003,M
2169,francisco javier,1145,2003,M
2170,fernando,1119,2003,M
2171,nicolas,1108,2003,M
2172,guillermo,1094,2003,M
2173,jose antonio,1090,2003,M
2174,cristian,1078,2003,M
2175,andres,1054,2003,M
2176,jose manuel,1033,2003,M
2177,joel,1028,2003,M
2178,gonzalo,1025,2003,M
2179,gabriel,1005,2003,M
2180,lucas,945,2003,M
2181,joan,943,2003,M
2182,enrique,902,2003,M
2183,aitor,880,2003,M
2184,pol,872,2003,M
2185,aaron,863,2003,M
2186,rodrigo,809,2003,M
2187,arnau,794,2003,M
2188,santiago,786,2003,M
2189,eduardo,769,2003,M
2190,roberto,768,2003,M
2191,jordi,754,2003,M
2192,eric,748,2003,M
2193,juan jose,727,2003,M
2194,jose luis,711,2003,M
2195,unai,690,2003,M
2196,hector,645,2003,M
2197,martin,644,2003,M
2198,gerard,623,2003,M
2199,jose maria,616,2003,M
2200,sergi,597,2003,M
2201,juan carlos,593,2003,M
2202,juan manuel,588,2003,M
2203,juan antonio,548,2003,M
2204,adria,543,2003,M
2205,asier,541,2003,M
2206,mohamed,529,2003,M
2207,christian,522,2003,M
2208,kevin,519,2003,M
2209,borja,505,2003,M
2210,oriol,501,2003,M
2211,francisco jose,482,2003,M
2212,jonathan,475,2003,M
2213,joaquin,464,2003,M
2214,albert,463,2003,M
2215,mikel,458,2003,M
2216,xavier,455,2003,M
2217,alfonso,442,2003,M
2218,jon,438,2003,M
2219,ricardo,426,2003,M
2220,marco,424,2003,M
2221,isaac,418,2003,M
2222,cesar,411,2003,M
2223,ander,403,2003,M
2224,izan,397,2003,M
2225,guillem,385,2003,M
2226,abel,380,2003,M
2227,marti,376,2003,M
2228,mateo,373,2003,M
2229,dario,370,2003,M
2230,iñigo,365,2003,M
2231,yeray,363,2003,M
2232,aleix,362,2003,M
2233,aimar,352,2003,M
2234,roger,352,2003,M
2235,jose miguel,344,2003,M
2236,tomas,344,2003,M
2237,jan,329,2003,M
2238,ramon,329,2003,M
2239,bruno,325,2003,M
2240,salvador,323,2003,M
2241,julen,318,2003,M
2242,eneko,291,2003,M
2243,saul,288,2003,M
2244,julio,284,2003,M
2245,erik,280,2003,M
2246,josep,276,2003,M
2247,xabier,275,2003,M
2248,miquel,274,2003,M
2249,abril,273,2003,M
2250,jaume,272,2003,M
2251,vicente,271,2003,M
2252,emilio,270,2003,M
2253,eloy,269,2003,M
2254,juan francisco,260,2003,M
2255,nil,260,2003,M
2256,omar,260,2003,M
2257,arturo,258,2003,M
2258,israel,251,2003,M
2259,ferran,245,2003,M
2260,luis miguel,244,2003,M
2261,abraham,242,2003,M
2262,jose carlos,242,2003,M
2263,yago,236,2003,M
2264,alexander,234,2003,M
2265,brais,234,2003,M
2266,ian,233,2003,M
2267,oier,231,2003,M
2268,sebastian,231,2003,M
2269,edgar,227,2003,M
2270,ibai,223,2003,M
2271,julian,222,2003,M
2272,moises,222,2003,M
2273,markel,221,2003,M
2274,alonso,220,2003,M
2275,jose angel,219,2003,M
2276,german,214,2003,M
2284,alejandro,7381,2004,M
2285,david,6234,2004,M
2286,daniel,6052,2004,M
2287,pablo,5963,2004,M
2288,adrian,4745,2004,M
2289,alvaro,4598,2004,M
2290,javier,4573,2004,M
2291,sergio,3762,2004,M
2292,carlos,3314,2004,M
2293,marcos,3101,2004,M
2294,ivan,3084,2004,M
2295,hugo,3076,2004,M
2296,mario,2903,2004,M
2297,jorge,2875,2004,M
2298,diego,2851,2004,M
2299,miguel,2650,2004,M
2300,manuel,2628,2004,M
2301,raul,2555,2004,M
2302,ruben,2400,2004,M
2303,antonio,2329,2004,M
2304,juan,2202,2004,M
2305,alex,2021,2004,M
2306,victor,2009,2004,M
2307,marc,1961,2004,M
2308,alberto,1835,2004,M
2309,iker,1691,2004,M
2310,jesus,1681,2004,M
2311,angel,1667,2004,M
2312,francisco,1653,2004,M
2313,oscar,1544,2004,M
2314,jose,1534,2004,M
2315,samuel,1466,2004,M
2316,jaime,1447,2004,M
2317,ismael,1387,2004,M
2318,pau,1382,2004,M
2319,nicolas,1348,2004,M
2320,miguel angel,1263,2004,M
2321,luis,1255,2004,M
2322,pedro,1235,2004,M
2323,gonzalo,1221,2004,M
2324,ignacio,1216,2004,M
2325,guillermo,1203,2004,M
2326,rafael,1182,2004,M
2327,gabriel,1178,2004,M
2328,joel,1144,2004,M
2329,fernando,1129,2004,M
2330,francisco javier,1106,2004,M
2331,lucas,1058,2004,M
2332,cristian,1054,2004,M
2333,aaron,1016,2004,M
2334,jose antonio,1010,2004,M
2335,andres,1004,2004,M
2336,pol,984,2004,M
2337,joan,975,2004,M
2338,rodrigo,970,2004,M
2339,jose manuel,961,2004,M
2340,hector,959,2004,M
2341,aitor,947,2004,M
2342,arnau,865,2004,M
2343,enrique,847,2004,M
2344,santiago,845,2004,M
2345,izan,838,2004,M
2346,roberto,791,2004,M
2347,eric,765,2004,M
2348,eduardo,743,2004,M
2349,jordi,741,2004,M
2350,martin,708,2004,M
2351,unai,688,2004,M
2352,jose luis,676,2004,M
2353,asier,665,2004,M
2354,juan jose,653,2004,M
2355,sergi,648,2004,M
2356,mohamed,642,2004,M
2357,adria,638,2004,M
2358,gerard,627,2004,M
2359,kevin,609,2004,M
2360,juan manuel,598,2004,M
2361,jose maria,581,2004,M
2362,marco,572,2004,M
2363,borja,571,2004,M
2364,oriol,548,2004,M
2365,christian,541,2004,M
2366,juan carlos,527,2004,M
2367,yeray,525,2004,M
2368,juan antonio,512,2004,M
2369,isaac,487,2004,M
2370,xavier,485,2004,M
2371,francisco jose,476,2004,M
2372,joaquin,464,2004,M
2373,jon,463,2004,M
2374,cesar,461,2004,M
2375,guillem,449,2004,M
2376,marti,441,2004,M
2377,albert,438,2004,M
2378,jonathan,433,2004,M
2379,mikel,431,2004,M
2380,mateo,428,2004,M
2381,dario,426,2004,M
2382,alfonso,418,2004,M
2383,ander,416,2004,M
2384,jan,416,2004,M
2385,ricardo,411,2004,M
2386,aleix,409,2004,M
2387,aimar,392,2004,M
2388,ramon,384,2004,M
2389,jose miguel,382,2004,M
2390,abel,367,2004,M
2391,roger,365,2004,M
2392,bruno,364,2004,M
2393,saul,355,2004,M
2394,salvador,350,2004,M
2395,miquel,342,2004,M
2396,erik,340,2004,M
2397,iñigo,340,2004,M
2398,tomas,335,2004,M
2399,julen,332,2004,M
2400,julio,330,2004,M
2401,eneko,320,2004,M
2402,omar,319,2004,M
2403,adam,309,2004,M
2404,ferran,307,2004,M
2405,nil,305,2004,M
2406,ibai,302,2004,M
2407,xabier,301,2004,M
2408,alonso,298,2004,M
2409,israel,293,2004,M
2410,yago,278,2004,M
2411,arturo,274,2004,M
2412,edgar,273,2004,M
2413,ian,270,2004,M
2414,emilio,269,2004,M
2415,vicente,268,2004,M
2416,juan francisco,260,2004,M
2417,eloy,258,2004,M
2418,josep,257,2004,M
2419,oier,256,2004,M
2420,abraham,255,2004,M
2421,julian,255,2004,M
2422,jose carlos,249,2004,M
2423,brais,246,2004,M
2424,jaume,246,2004,M
2425,adan,243,2004,M
2426,jairo,243,2004,M
2427,alexander,242,2004,M
2428,markel,241,2004,M
2429,sebastian,241,2004,M
2430,biel,240,2004,M
2431,moises,240,2004,M
2432,elias,238,2004,M
2433,iago,238,2004,M
2434,gorka,237,2004,M
2435,mauro,220,2004,M
2436,denis,218,2004,M
2437,alejandro,7173,2005,M
2438,daniel,6459,2005,M
2439,pablo,6254,2005,M
2440,david,5992,2005,M
2441,adrian,4822,2005,M
2442,javier,4601,2005,M
2443,alvaro,4374,2005,M
2444,sergio,3659,2005,M
2445,carlos,3229,2005,M
2446,marcos,3149,2005,M
2447,ivan,3131,2005,M
2448,hugo,3054,2005,M
2449,diego,2896,2005,M
2450,jorge,2824,2005,M
2451,miguel,2785,2005,M
2452,manuel,2685,2005,M
2453,mario,2553,2005,M
2454,raul,2412,2005,M
2455,antonio,2312,2005,M
2456,ruben,2243,2005,M
2457,victor,2116,2005,M
2458,marc,2043,2005,M
2459,juan,1992,2005,M
2460,iker,1972,2005,M
2461,samuel,1896,2005,M
2462,alex,1873,2005,M
2463,alberto,1802,2005,M
2464,jesus,1736,2005,M
2465,angel,1726,2005,M
2466,nicolas,1626,2005,M
2467,francisco,1586,2005,M
2468,oscar,1577,2005,M
2469,jaime,1572,2005,M
2470,hector,1564,2005,M
2471,jose,1562,2005,M
2472,pau,1424,2005,M
2473,ismael,1344,2005,M
2474,guillermo,1275,2005,M
2475,pedro,1271,2005,M
2476,joel,1246,2005,M
2477,ignacio,1232,2005,M
2478,luis,1227,2005,M
2479,miguel angel,1220,2005,M
2480,gonzalo,1205,2005,M
2481,izan,1199,2005,M
2482,rafael,1184,2005,M
2483,gabriel,1172,2005,M
2484,aaron,1077,2005,M
2485,andres,1030,2005,M
2486,fernando,1019,2005,M
2487,francisco javier,1015,2005,M
2488,lucas,1010,2005,M
2489,jose antonio,989,2005,M
2490,cristian,982,2005,M
2491,pol,981,2005,M
2492,rodrigo,974,2005,M
2493,jose manuel,929,2005,M
2494,aitor,884,2005,M
2495,joan,879,2005,M
2496,santiago,839,2005,M
2497,martin,819,2005,M
2498,eduardo,815,2005,M
2499,eric,802,2005,M
2500,arnau,797,2005,M
2501,roberto,796,2005,M
2502,unai,779,2005,M
2503,enrique,753,2005,M
2504,jordi,720,2005,M
2505,asier,701,2005,M
2506,adria,660,2005,M
2507,mohamed,644,2005,M
2508,jose luis,635,2005,M
2509,juan jose,635,2005,M
2510,jose maria,612,2005,M
2511,marco,612,2005,M
2512,sergi,612,2005,M
2513,gerard,588,2005,M
2514,jan,560,2005,M
2515,juan manuel,546,2005,M
2516,oriol,541,2005,M
2517,kevin,540,2005,M
2518,christian,521,2005,M
2519,yeray,516,2005,M
2520,juan carlos,510,2005,M
2521,juan antonio,507,2005,M
2522,marti,487,2005,M
2523,mateo,487,2005,M
2524,dario,479,2005,M
2525,xavier,471,2005,M
2526,guillem,465,2005,M
2527,isaac,456,2005,M
2528,joaquin,452,2005,M
2529,aleix,448,2005,M
2530,ander,431,2005,M
2531,bruno,429,2005,M
2532,adam,427,2005,M
2533,jon,419,2005,M
2534,mikel,415,2005,M
2535,francisco jose,413,2005,M
2536,aimar,402,2005,M
2537,alejandro,7581,2006,M
2538,daniel,6800,2006,M
2539,pablo,6432,2006,M
2540,david,6005,2006,M
2541,adrian,5011,2006,M
2542,alvaro,4575,2006,M
2543,javier,4485,2006,M
2544,sergio,4048,2006,M
2545,hugo,3976,2006,M
2546,diego,3248,2006,M
2547,carlos,3241,2006,M
2548,marcos,3187,2006,M
2549,mario,3059,2006,M
2550,ivan,3011,2006,M
2551,manuel,2953,2006,M
2552,miguel,2860,2006,M
2553,jorge,2821,2006,M
2554,ruben,2531,2006,M
2555,iker,2479,2006,M
2556,raul,2476,2006,M
2557,victor,2462,2006,M
2558,antonio,2334,2006,M
2559,juan,2171,2006,M
2560,hector,2141,2006,M
2561,marc,2138,2006,M
2562,samuel,2077,2006,M
2563,alex,1921,2006,M
2564,jesus,1822,2006,M
2565,oscar,1818,2006,M
2566,alberto,1791,2006,M
2567,nicolas,1765,2006,M
2568,angel,1723,2006,M
2569,jaime,1695,2006,M
2570,jose,1653,2006,M
2571,francisco,1602,2006,M
2572,gonzalo,1545,2006,M
2573,guillermo,1545,2006,M
2574,izan,1525,2006,M
2575,pau,1514,2006,M
2576,lucas,1510,2006,M
2577,gabriel,1454,2006,M
2578,ismael,1362,2006,M
2579,joel,1353,2006,M
2580,pedro,1349,2006,M
2581,rodrigo,1339,2006,M
2582,ignacio,1335,2006,M
2583,aaron,1321,2006,M
2584,luis,1258,2006,M
2585,miguel angel,1174,2006,M
2586,rafael,1158,2006,M
2587,fernando,1082,2006,M
2588,cristian,1050,2006,M
2589,francisco javier,1037,2006,M
2590,andres,1011,2006,M
2591,aitor,1005,2006,M
2592,pol,980,2006,M
2593,joan,963,2006,M
2594,arnau,952,2006,M
2595,martin,934,2006,M
2596,jose antonio,925,2006,M
2597,eric,921,2006,M
2598,jose manuel,897,2006,M
2599,mohamed,856,2006,M
2600,dario,842,2006,M
2601,unai,824,2006,M
2602,santiago,815,2006,M
2603,roberto,791,2006,M
2604,eduardo,788,2006,M
2605,asier,773,2006,M
2606,enrique,762,2006,M
2607,jordi,758,2006,M
2608,marco,711,2006,M
2609,mateo,696,2006,M
2610,adria,691,2006,M
2611,adam,688,2006,M
2612,oriol,657,2006,M
2613,marti,614,2006,M
2614,juan jose,610,2006,M
2615,jan,609,2006,M
2616,gerard,589,2006,M
2617,kevin,587,2006,M
2618,sergi,586,2006,M
2619,biel,571,2006,M
2620,jose luis,568,2006,M
2621,christian,555,2006,M
2622,juan manuel,553,2006,M
2623,jose maria,534,2006,M
2624,guillem,527,2006,M
2625,isaac,525,2006,M
2626,xavier,524,2006,M
2627,yeray,524,2006,M
2628,aimar,518,2006,M
2629,juan antonio,506,2006,M
2630,erik,505,2006,M
2631,joaquin,480,2006,M
2632,bruno,478,2006,M
2633,saul,477,2006,M
2634,juan carlos,472,2006,M
2635,roger,469,2006,M
2636,francisco jose,455,2006,M
2637,daniel,6755,2007,M
2638,alejandro,6739,2007,M
2639,pablo,5606,2007,M
2640,david,5507,2007,M
2641,adrian,5038,2007,M
2642,alvaro,4892,2007,M
2643,hugo,4331,2007,M
2644,javier,4148,2007,M
2645,diego,3553,2007,M
2646,sergio,3530,2007,M
2647,marcos,3113,2007,M
2648,jorge,2939,2007,M
2649,ivan,2895,2007,M
2650,carlos,2852,2007,M
2651,manuel,2781,2007,M
2652,mario,2736,2007,M
2653,miguel,2567,2007,M
2654,iker,2509,2007,M
2655,ruben,2318,2007,M
2656,antonio,2291,2007,M
2657,raul,2239,2007,M
2658,victor,2041,2007,M
2659,juan,2028,2007,M
2660,marc,1966,2007,M
2661,lucas,1941,2007,M
2662,alex,1865,2007,M
2663,hector,1841,2007,M
2664,samuel,1836,2007,M
2665,nicolas,1798,2007,M
2666,jesus,1687,2007,M
2667,guillermo,1631,2007,M
2668,angel,1618,2007,M
2669,alberto,1565,2007,M
2670,gonzalo,1511,2007,M
2671,izan,1508,2007,M
2672,jose,1475,2007,M
2673,francisco,1458,2007,M
2674,jaime,1447,2007,M
2675,oscar,1418,2007,M
2676,pau,1404,2007,M
2677,rodrigo,1333,2007,M
2678,gabriel,1332,2007,M
2679,ismael,1329,2007,M
2680,aaron,1312,2007,M
2681,luis,1230,2007,M
2682,aitor,1208,2007,M
2683,pedro,1196,2007,M
2684,joel,1085,2007,M
2685,rafael,1083,2007,M
2686,miguel angel,1079,2007,M
2687,ignacio,1058,2007,M
2688,eric,1049,2007,M
2689,fernando,1031,2007,M
2690,mohamed,977,2007,M
2691,pol,952,2007,M
2692,cristian,951,2007,M
2693,andres,940,2007,M
2694,martin,939,2007,M
2695,unai,914,2007,M
2696,dario,909,2007,M
2697,francisco javier,892,2007,M
2698,arnau,887,2007,M
2699,joan,878,2007,M
2700,adam,868,2007,M
2701,jose antonio,847,2007,M
2702,mateo,838,2007,M
2703,asier,817,2007,M
2704,santiago,817,2007,M
2705,jose manuel,800,2007,M
2706,eduardo,799,2007,M
2707,roberto,728,2007,M
2708,marco,723,2007,M
2709,enrique,712,2007,M
2710,jordi,641,2007,M
2711,jan,635,2007,M
2712,marti,619,2007,M
2713,oriol,592,2007,M
2714,adria,588,2007,M
2715,juan jose,586,2007,M
2716,bruno,575,2007,M
2717,jose luis,573,2007,M
2718,biel,547,2007,M
2719,yeray,534,2007,M
2720,gerard,531,2007,M
2721,guillem,528,2007,M
2722,erik,503,2007,M
2723,kevin,503,2007,M
2724,sergi,499,2007,M
2725,saul,496,2007,M
2726,joaquin,494,2007,M
2727,juan manuel,488,2007,M
2728,jose maria,486,2007,M
2729,christian,472,2007,M
2730,aleix,471,2007,M
2731,isaac,470,2007,M
2732,juan antonio,465,2007,M
2733,cesar,461,2007,M
2734,aimar,458,2007,M
2735,ander,443,2007,M
2736,xavier,442,2007,M
2737,daniel,6580,2008,M
2738,alejandro,6478,2008,M
2739,pablo,5911,2008,M
2740,david,5385,2008,M
2741,adrian,5330,2008,M
2742,hugo,5162,2008,M
2743,alvaro,5034,2008,M
2744,javier,4091,2008,M
2745,diego,3506,2008,M
2746,sergio,3401,2008,M
2747,marcos,3182,2008,M
2748,ivan,3161,2008,M
2749,iker,3086,2008,M
2750,manuel,2918,2008,M
2751,mario,2856,2008,M
2752,jorge,2826,2008,M
2753,carlos,2823,2008,M
2754,miguel,2684,2008,M
2755,ruben,2439,2008,M
2756,antonio,2316,2008,M
2757,raul,2254,2008,M
2758,lucas,2177,2008,M
2759,nicolas,2057,2008,M
2760,juan,2050,2008,M
2761,marc,2028,2008,M
2762,victor,2003,2008,M
2763,aitor,1902,2008,M
2764,angel,1902,2008,M
2765,alex,1896,2008,M
2766,hector,1862,2008,M
2767,samuel,1826,2008,M
2768,rodrigo,1794,2008,M
2769,izan,1736,2008,M
2770,guillermo,1693,2008,M
2771,jesus,1693,2008,M
2772,gonzalo,1632,2008,M
2773,alberto,1557,2008,M
2774,jose,1524,2008,M
2775,francisco,1512,2008,M
2776,aaron,1506,2008,M
2777,gabriel,1448,2008,M
2778,oscar,1423,2008,M
2779,jaime,1406,2008,M
2780,pau,1348,2008,M
2781,luis,1307,2008,M
2782,pedro,1256,2008,M
2783,adam,1227,2008,M
2784,ismael,1211,2008,M
2785,rafael,1179,2008,M
2786,miguel angel,1135,2008,M
2787,mohamed,1122,2008,M
2788,joel,1103,2008,M
2789,martin,1088,2008,M
2790,fernando,1058,2008,M
2791,ignacio,1055,2008,M
2792,eric,1030,2008,M
2793,dario,1008,2008,M
2794,andres,981,2008,M
2795,unai,969,2008,M
2796,pol,960,2008,M
2797,mateo,957,2008,M
2798,cristian,919,2008,M
2799,arnau,909,2008,M
2800,francisco javier,875,2008,M
2801,asier,845,2008,M
2802,jose antonio,842,2008,M
2803,jose manuel,834,2008,M
2804,joan,827,2008,M
2805,enrique,823,2008,M
2806,marco,800,2008,M
2807,bruno,796,2008,M
2808,santiago,792,2008,M
2809,eduardo,764,2008,M
2810,jan,749,2008,M
2811,roberto,720,2008,M
2812,jordi,667,2008,M
2813,biel,664,2008,M
2814,marti,640,2008,M
2815,juan jose,631,2008,M
2816,adria,606,2008,M
2817,oriol,589,2008,M
2818,saul,584,2008,M
2819,isaac,566,2008,M
2820,christian,542,2008,M
2821,jose luis,537,2008,M
2822,kevin,529,2008,M
2823,erik,522,2008,M
2824,juan manuel,518,2008,M
2825,yeray,516,2008,M
2826,guillem,501,2008,M
2827,gerard,495,2008,M
2828,sergi,486,2008,M
2829,aleix,485,2008,M
2830,eneko,476,2008,M
2831,cesar,470,2008,M
2832,juan antonio,467,2008,M
2833,aimar,464,2008,M
2834,roger,457,2008,M
2835,joaquin,446,2008,M
2836,jose maria,446,2008,M
2837,daniel,6227,2009,M
2838,alejandro,5895,2009,M
2839,pablo,5700,2009,M
2840,hugo,5205,2009,M
2841,alvaro,4842,2009,M
2842,adrian,4799,2009,M
2843,david,4689,2009,M
2844,javier,3619,2009,M
2845,sergio,3279,2009,M
2846,diego,3218,2009,M
2847,ivan,3049,2009,M
2848,mario,2929,2009,M
2849,marcos,2916,2009,M
2850,iker,2856,2009,M
2851,manuel,2727,2009,M
2852,carlos,2606,2009,M
2853,jorge,2585,2009,M
2854,miguel,2473,2009,M
2855,samuel,2368,2009,M
2856,lucas,2286,2009,M
2857,ruben,2073,2009,M
2858,antonio,2068,2009,M
2859,nicolas,2015,2009,M
2860,aitor,1953,2009,M
2861,marc,1948,2009,M
2862,victor,1910,2009,M
2863,raul,1879,2009,M
2864,juan,1876,2009,M
2865,hector,1872,2009,M
2866,alex,1819,2009,M
2867,angel,1810,2009,M
2868,izan,1803,2009,M
2869,gonzalo,1711,2009,M
2870,rodrigo,1545,2009,M
2871,guillermo,1489,2009,M
2872,jesus,1469,2009,M
2873,gabriel,1401,2009,M
2874,jose,1352,2009,M
2875,alberto,1337,2009,M
2876,francisco,1331,2009,M
2877,adam,1321,2009,M
2878,pau,1316,2009,M
2879,aaron,1292,2009,M
2880,mateo,1289,2009,M
2881,jaime,1269,2009,M
2882,martin,1264,2009,M
2883,pedro,1259,2009,M
2884,oscar,1224,2009,M
2885,luis,1189,2009,M
2886,ismael,1153,2009,M
2887,rafael,1136,2009,M
2888,mohamed,1108,2009,M
2889,eric,1087,2009,M
2890,unai,1040,2009,M
2891,dario,966,2009,M
2892,fernando,960,2009,M
2893,ignacio,954,2009,M
2894,pol,935,2009,M
2895,bruno,922,2009,M
2896,joel,917,2009,M
2897,miguel angel,905,2009,M
2898,cristian,898,2009,M
2899,arnau,875,2009,M
2900,andres,862,2009,M
2901,asier,847,2009,M
2902,marco,817,2009,M
2903,joan,806,2009,M
2904,erik,791,2009,M
2905,francisco javier,753,2009,M
2906,santiago,752,2009,M
2907,jose manuel,741,2009,M
2908,rayan,718,2009,M
2909,enrique,700,2009,M
2910,biel,678,2009,M
2911,jose antonio,676,2009,M
2912,marti,674,2009,M
2913,saul,644,2009,M
2914,eduardo,642,2009,M
2915,isaac,630,2009,M
2916,jan,626,2009,M
2917,jordi,624,2009,M
2918,roberto,624,2009,M
2919,adria,584,2009,M
2920,oriol,560,2009,M
2921,gerard,548,2009,M
2922,juan jose,506,2009,M
2923,guillem,502,2009,M
2924,omar,492,2009,M
2925,christian,489,2009,M
2926,leo,477,2009,M
2927,juan manuel,475,2009,M
2928,aleix,468,2009,M
2929,cesar,467,2009,M
2930,roger,460,2009,M
2931,jose luis,458,2009,M
2932,yeray,458,2009,M
2933,jose maria,447,2009,M
2934,sergi,447,2009,M
2935,mikel,444,2009,M
2936,kevin,440,2009,M
2937,daniel,6020,2010,M
2938,alejandro,6006,2010,M
2939,pablo,5243,2010,M
2940,hugo,5135,2010,M
2941,alvaro,4630,2010,M
2942,adrian,4522,2010,M
2943,david,4424,2010,M
2944,javier,3453,2010,M
2945,diego,3424,2010,M
2946,mario,2915,2010,M
2947,marcos,2901,2010,M
2948,sergio,2843,2010,M
2949,iker,2795,2010,M
2950,ivan,2654,2010,M
2951,manuel,2529,2010,M
2952,jorge,2404,2010,M
2953,aitor,2362,2010,M
2954,miguel,2324,2010,M
2955,carlos,2301,2010,M
2956,samuel,2274,2010,M
2957,lucas,2265,2010,M
2958,nicolas,2100,2010,M
2959,ruben,1958,2010,M
2960,marc,1948,2010,M
2961,izan,1931,2010,M
2962,antonio,1920,2010,M
2963,gonzalo,1905,2010,M
2964,alex,1847,2010,M
2965,juan,1802,2010,M
2966,victor,1801,2010,M
2967,hector,1785,2010,M
2968,raul,1775,2010,M
2969,angel,1771,2010,M
2970,mateo,1505,2010,M
2971,gabriel,1501,2010,M
2972,martin,1474,2010,M
2973,guillermo,1440,2010,M
2974,rodrigo,1421,2010,M
2975,jesus,1416,2010,M
2976,aaron,1407,2010,M
2977,adam,1377,2010,M
2978,alberto,1333,2010,M
2979,jose,1301,2010,M
2980,pau,1259,2010,M
2981,jaime,1251,2010,M
2982,pedro,1233,2010,M
2983,dario,1206,2010,M
2984,francisco,1203,2010,M
2985,eric,1194,2010,M
2986,oscar,1133,2010,M
2987,luis,1095,2010,M
2988,unai,1091,2010,M
2989,mohamed,1079,2010,M
2990,ismael,1064,2010,M
2991,rafael,1057,2010,M
2992,bruno,973,2010,M
2993,fernando,924,2010,M
2994,joel,906,2010,M
2995,pol,898,2010,M
2996,ignacio,888,2010,M
2997,andres,874,2010,M
2998,asier,853,2010,M
2999,cristian,847,2010,M
3000,arnau,833,2010,M
3001,rayan,821,2010,M
3002,miguel angel,803,2010,M
3003,marco,801,2010,M
3004,erik,769,2010,M
3005,joan,762,2010,M
3006,santiago,746,2010,M
3007,biel,707,2010,M
3008,jose antonio,704,2010,M
3009,marti,702,2010,M
3010,gerard,672,2010,M
3011,enrique,657,2010,M
3012,jose manuel,656,2010,M
3013,jan,649,2010,M
3014,francisco javier,639,2010,M
3015,eduardo,637,2010,M
3016,leo,616,2010,M
3017,roberto,605,2010,M
3018,jordi,592,2010,M
3019,isaac,587,2010,M
3020,alonso,584,2010,M
3021,saul,558,2010,M
3022,oliver,547,2010,M
3023,omar,525,2010,M
3024,oriol,520,2010,M
3025,adria,495,2010,M
3026,aleix,479,2010,M
3027,guillem,474,2010,M
3028,ian,466,2010,M
3029,cesar,459,2010,M
3030,yeray,458,2010,M
3031,mikel,454,2010,M
3032,juan jose,442,2010,M
3033,jon,436,2010,M
3034,nil,425,2010,M
3035,arturo,419,2010,M
3036,joaquin,419,2010,M
3038,alejandro,5879,2011,M
3039,daniel,5858,2011,M
3040,pablo,4980,2011,M
3041,hugo,4871,2011,M
3042,alvaro,4372,2011,M
3043,adrian,4248,2011,M
3044,david,4167,2011,M
3045,diego,3361,2011,M
3046,javier,3325,2011,M
3047,mario,3047,2011,M
3048,sergio,2775,2011,M
3049,marcos,2722,2011,M
3050,manuel,2556,2011,M
3051,iker,2535,2011,M
3052,nicolas,2444,2011,M
3053,jorge,2330,2011,M
3054,ivan,2277,2011,M
3055,carlos,2237,2011,M
3056,miguel,2136,2011,M
3057,lucas,2122,2011,M
3058,ruben,2067,2011,M
3059,aitor,2007,2011,M
3060,marc,1947,2011,M
3061,antonio,1890,2011,M
3062,gonzalo,1836,2011,M
3063,izan,1801,2011,M
3064,samuel,1791,2011,M
3065,alex,1782,2011,M
3066,juan,1725,2011,M
3067,angel,1686,2011,M
3068,hector,1685,2011,M
3069,victor,1680,2011,M
3070,martin,1632,2011,M
3071,mateo,1606,2011,M
3072,raul,1603,2011,M
3073,guillermo,1454,2011,M
3074,eric,1430,2011,M
3075,gabriel,1413,2011,M
3076,rodrigo,1388,2011,M
3077,dario,1375,2011,M
3078,aaron,1350,2011,M
3079,adam,1325,2011,M
3080,jesus,1291,2011,M
3081,jose,1243,2011,M
3082,francisco,1240,2011,M
3083,pedro,1228,2011,M
3084,alberto,1216,2011,M
3085,jaime,1208,2011,M
3086,pau,1164,2011,M
3087,unai,1158,2011,M
3088,leo,1097,2011,M
3089,bruno,1067,2011,M
3090,luis,1014,2011,M
3091,oscar,1012,2011,M
3092,joel,960,2011,M
3093,marco,946,2011,M
3094,mohamed,945,2011,M
3095,rafael,937,2011,M
3096,ismael,918,2011,M
3097,andres,900,2011,M
3098,fernando,855,2011,M
3099,ignacio,836,2011,M
3100,arnau,802,2011,M
3101,asier,795,2011,M
3102,pol,783,2011,M
3103,gerard,781,2011,M
3104,cristian,760,2011,M
3105,miguel angel,751,2011,M
3106,erik,742,2011,M
3107,oliver,719,2011,M
3108,rayan,716,2011,M
3109,santiago,699,2011,M
3110,biel,695,2011,M
3111,marti,684,2011,M
3112,joan,682,2011,M
3113,alonso,677,2011,M
3114,jan,630,2011,M
3115,enrique,611,2011,M
3116,eduardo,607,2011,M
3117,francisco javier,595,2011,M
3118,jose antonio,588,2011,M
3119,isaac,582,2011,M
3120,oriol,576,2011,M
3121,roberto,555,2011,M
3122,aleix,551,2011,M
3123,saul,537,2011,M
3124,jose manuel,532,2011,M
3125,nil,524,2011,M
3126,adria,520,2011,M
3127,yago,510,2011,M
3128,jordi,500,2011,M
3129,ian,482,2011,M
3130,omar,449,2011,M
3131,guillem,443,2011,M
3132,cesar,441,2011,M
3133,gael,439,2011,M
3134,yeray,439,2011,M
3135,jon,431,2011,M
3136,ander,419,2011,M
3137,juan jose,418,2011,M
3138,daniel,6234,2012,M
3139,hugo,5984,2012,M
3140,alejandro,5744,2012,M
3141,pablo,5658,2012,M
3142,alvaro,5111,2012,M
3143,adrian,4698,2012,M
3144,david,4369,2012,M
3145,diego,3619,2012,M
3146,mario,3575,2012,M
3147,javier,3371,2012,M
3148,marcos,2897,2012,M
3149,manuel,2888,2012,M
3150,sergio,2840,2012,M
3151,nicolas,2808,2012,M
3152,iker,2694,2012,M
3153,lucas,2651,2012,M
3154,ivan,2447,2012,M
3155,carlos,2416,2012,M
3156,miguel,2338,2012,M
3157,jorge,2304,2012,M
3158,martin,2225,2012,M
3159,marc,2188,2012,M
3160,alex,2058,2012,M
3161,mateo,2032,2012,M
3162,gonzalo,2029,2012,M
3163,izan,2014,2012,M
3164,ruben,1999,2012,M
3165,antonio,1971,2012,M
3166,juan,1961,2012,M
3167,leo,1931,2012,M
3168,angel,1890,2012,M
3169,victor,1844,2012,M
3170,samuel,1834,2012,M
3171,aitor,1781,2012,M
3172,raul,1710,2012,M
3173,hector,1630,2012,M
3174,gabriel,1568,2012,M
3175,eric,1563,2012,M
3176,guillermo,1533,2012,M
3177,rodrigo,1491,2012,M
3178,adam,1446,2012,M
3179,dario,1417,2012,M
3180,jesus,1413,2012,M
3181,jose,1363,2012,M
3182,aaron,1307,2012,M
3183,jaime,1307,2012,M
3184,pedro,1242,2012,M
3185,alberto,1239,2012,M
3186,bruno,1236,2012,M
3187,joel,1233,2012,M
3188,francisco,1226,2012,M
3189,marco,1211,2012,M
3190,pau,1197,2012,M
3191,luis,1177,2012,M
3192,unai,1166,2012,M
3193,oscar,1049,2012,M
3194,rafael,1030,2012,M
3195,mohamed,966,2012,M
3196,fernando,955,2012,M
3197,ismael,944,2012,M
3198,andres,926,2012,M
3199,erik,921,2012,M
3200,asier,918,2012,M
3201,gerard,869,2012,M
3202,ignacio,859,2012,M
3203,alonso,856,2012,M
3204,arnau,830,2012,M
3205,pol,829,2012,M
3206,biel,789,2012,M
3207,cristian,783,2012,M
3208,oliver,781,2012,M
3209,rayan,779,2012,M
3210,joan,752,2012,M
3211,santiago,710,2012,M
3212,marti,709,2012,M
3213,jan,698,2012,M
3214,miguel angel,698,2012,M
3215,nil,631,2012,M
3216,jose antonio,628,2012,M
3217,isaac,624,2012,M
3218,oriol,620,2012,M
3219,roberto,618,2012,M
3220,aleix,599,2012,M
3221,enrique,598,2012,M
3222,eduardo,590,2012,M
3223,ian,586,2012,M
3224,jose manuel,579,2012,M
3225,ander,573,2012,M
3226,jordi,564,2012,M
3227,saul,560,2012,M
3228,francisco javier,547,2012,M
3229,yago,547,2012,M
3230,cesar,539,2012,M
3231,adria,525,2012,M
3232,omar,523,2012,M
3233,yeray,517,2012,M
3234,gael,501,2012,M
3235,jon,493,2012,M
3236,mikel,485,2012,M
3237,guillem,479,2012,M
3238,hugo,5369,2013,M
3239,daniel,4931,2013,M
3240,pablo,4658,2013,M
3241,alejandro,4354,2013,M
3242,alvaro,3972,2013,M
3243,adrian,3583,2013,M
3244,david,3238,2013,M
3245,mario,2842,2013,M
3246,diego,2828,2013,M
3247,javier,2584,2013,M
3248,lucas,2560,2013,M
3249,nicolas,2408,2013,M
3250,manuel,2406,2013,M
3251,marcos,2272,2013,M
3252,iker,2082,2013,M
3253,sergio,2034,2013,M
3254,izan,1977,2013,M
3255,jorge,1947,2013,M
3256,carlos,1938,2013,M
3257,martin,1910,2013,M
3258,leo,1884,2013,M
3259,miguel,1849,2013,M
3260,marc,1792,2013,M
3261,mateo,1774,2013,M
3262,alex,1742,2013,M
3263,gonzalo,1672,2013,M
3264,antonio,1627,2013,M
3265,ivan,1599,2013,M
3266,juan,1580,2013,M
3267,angel,1501,2013,M
3268,ruben,1463,2013,M
3269,victor,1436,2013,M
3270,hector,1401,2013,M
3271,samuel,1394,2013,M
3272,aitor,1310,2013,M
3273,eric,1275,2013,M
3274,gabriel,1257,2013,M
3275,joel,1225,2013,M
3276,raul,1224,2013,M
3277,jose,1205,2013,M
3278,rodrigo,1205,2013,M
3279,adam,1190,2013,M
3280,guillermo,1152,2013,M
3281,dario,1135,2013,M
3282,jesus,1103,2013,M
3283,erik,1073,2013,M
3284,bruno,1066,2013,M
3285,marco,1065,2013,M
3286,francisco,1056,2013,M
3287,aaron,1023,2013,M
3288,pau,998,2013,M
3289,pedro,998,2013,M
3290,alberto,950,2013,M
3291,jaime,940,2013,M
3292,enzo,929,2013,M
3293,luis,891,2013,M
3294,oliver,859,2013,M
3295,asier,853,2013,M
3296,rafael,827,2013,M
3297,unai,823,2013,M
3298,pol,791,2013,M
3299,mohamed,781,2013,M
3300,oscar,766,2013,M
3301,andres,754,2013,M
3302,biel,742,2013,M
3303,ismael,717,2013,M
3304,fernando,700,2013,M
3305,arnau,680,2013,M
3306,rayan,644,2013,M
3307,alonso,642,2013,M
3308,marti,633,2013,M
3309,gerard,632,2013,M
3310,ian,628,2013,M
3311,jan,622,2013,M
3312,ignacio,615,2013,M
3313,miguel angel,612,2013,M
3314,cristian,610,2013,M
3315,santiago,587,2013,M
3316,gael,576,2013,M
3317,nil,575,2013,M
3318,joan,570,2013,M
3319,thiago,538,2013,M
3320,enrique,515,2013,M
3321,isaac,512,2013,M
3322,saul,508,2013,M
3323,jose antonio,495,2013,M
3324,yago,479,2013,M
3325,jose manuel,476,2013,M
3326,roberto,471,2013,M
3327,eduardo,467,2013,M
3328,omar,463,2013,M
3329,aleix,453,2013,M
3330,luca,452,2013,M
3331,oriol,445,2013,M
3332,jordi,443,2013,M
3333,francisco javier,431,2013,M
3334,ander,420,2013,M
3335,jon,419,2013,M
3336,yeray,402,2013,M
3337,dylan,398,2013,M
3338,hugo,5121,2014,M
3339,daniel,4859,2014,M
3340,pablo,4494,2014,M
3341,alejandro,4116,2014,M
3342,alvaro,3670,2014,M
3343,adrian,3463,2014,M
3344,david,3376,2014,M
3345,martin,3181,2014,M
3346,mario,3067,2014,M
3347,diego,3000,2014,M
3348,javier,2531,2014,M
3349,manuel,2475,2014,M
3350,lucas,2446,2014,M
3351,nicolas,2319,2014,M
3352,marcos,2244,2014,M
3353,leo,2162,2014,M
3354,sergio,2138,2014,M
3355,mateo,2107,2014,M
3356,izan,1947,2014,M
3357,alex,1935,2014,M
3358,iker,1917,2014,M
3359,marc,1902,2014,M
3360,jorge,1873,2014,M
3361,carlos,1772,2014,M
3362,miguel,1713,2014,M
3363,antonio,1662,2014,M
3364,angel,1603,2014,M
3365,gonzalo,1594,2014,M
3366,juan,1534,2014,M
3367,ivan,1513,2014,M
3368,eric,1329,2014,M
3369,ruben,1327,2014,M
3370,samuel,1325,2014,M
3371,hector,1313,2014,M
3372,victor,1306,2014,M
3373,enzo,1299,2014,M
3374,jose,1249,2014,M
3375,gabriel,1236,2014,M
3376,bruno,1232,2014,M
3377,dario,1219,2014,M
3378,raul,1182,2014,M
3379,adam,1164,2014,M
3380,guillermo,1150,2014,M
3381,francisco,1105,2014,M
3382,aaron,1103,2014,M
3383,jesus,1090,2014,M
3384,oliver,1075,2014,M
3385,joel,1028,2014,M
3386,pedro,1024,2014,M
3387,aitor,1024,2014,M
3388,rodrigo,1023,2014,M
3389,erik,1017,2014,M
3390,marco,995,2014,M
3391,alberto,969,2014,M
3392,pau,938,2014,M
3393,jaime,926,2014,M
3394,asier,921,2014,M
3395,luis,891,2014,M
3396,rafael,873,2014,M
3397,unai,842,2014,M
3398,mohamed,756,2014,M
3399,dylan,754,2014,M
3400,marti,734,2014,M
3401,ian,729,2014,M
3402,pol,721,2014,M
3403,ismael,708,2014,M
3404,oscar,700,2014,M
3405,andres,695,2014,M
3406,alonso,664,2014,M
3407,biel,656,2014,M
3408,rayan,651,2014,M
3409,jan,647,2014,M
3410,fernando,643,2014,M
3411,thiago,633,2014,M
3412,arnau,629,2014,M
3413,cristian,590,2014,M
3414,gael,586,2014,M
3415,ignacio,582,2014,M
3416,joan,574,2014,M
3417,nil,566,2014,M
3418,santiago,546,2014,M
3419,gerard,536,2014,M
3420,luca,536,2014,M
3421,miguel angel,533,2014,M
3422,isaac,531,2014,M
3423,aleix,507,2014,M
3424,saul,493,2014,M
3425,jose antonio,471,2014,M
3426,enrique,456,2014,M
3427,yago,451,2014,M
3428,julen,443,2014,M
3429,jose manuel,443,2014,M
3430,eduardo,442,2014,M
3431,abraham,440,2014,M
3432,jordi,437,2014,M
3433,aimar,433,2014,M
3434,roberto,430,2014,M
3435,francisco javier,423,2014,M
3436,cesar,398,2014,M
3437,yeray,398,2014,M
3438,hugo,5162,2015,M
3439,daniel,4578,2015,M
3440,pablo,4202,2015,M
3441,martin,4078,2015,M
3442,alejandro,3994,2015,M
3443,adrian,3341,2015,M
3444,alvaro,3244,2015,M
3445,david,2993,2015,M
3446,lucas,2904,2015,M
3447,mario,2825,2015,M
3448,diego,2726,2015,M
3449,manuel,2584,2015,M
3450,leo,2444,2015,M
3451,mateo,2399,2015,M
3452,javier,2360,2015,M
3453,izan,2123,2015,M
3454,marcos,2081,2015,M
3455,alex,1996,2015,M
3456,sergio,1979,2015,M
3457,marc,1859,2015,M
3458,carlos,1748,2015,M
3459,jorge,1733,2015,M
3460,miguel,1732,2015,M
3461,enzo,1645,2015,M
3462,antonio,1581,2015,M
3463,angel,1546,2015,M
3464,gonzalo,1540,2015,M
3465,iker,1513,2015,M
3466,juan,1490,2015,M
3467,eric,1384,2015,M
3468,ivan,1365,2015,M
3469,ruben,1315,2015,M
3470,victor,1293,2015,M
3471,nicolas,1286,2015,M
3472,bruno,1252,2015,M
3473,samuel,1245,2015,M
3474,hector,1245,2015,M
3475,jose,1234,2015,M
3476,gabriel,1189,2015,M
3477,dario,1180,2015,M
3478,oliver,1169,2015,M
3479,aaron,1152,2015,M
3480,adam,1080,2015,M
3481,dylan,1050,2015,M
3482,jesus,1019,2015,M
3483,marco,1017,2015,M
3484,aitor,1017,2015,M
3485,alberto,1015,2015,M
3486,guillermo,996,2015,M
3487,raul,968,2015,M
3488,rodrigo,968,2015,M
3489,francisco,964,2015,M
3490,joel,943,2015,M
3491,erik,943,2015,M
3492,pau,924,2015,M
3493,pedro,917,2015,M
3494,luis,891,2015,M
3495,jaime,872,2015,M
3496,rafael,846,2015,M
3497,asier,814,2015,M
3498,unai,793,2015,M
3499,mohamed,773,2015,M
3500,marti,761,2015,M
3501,gael,760,2015,M
3502,thiago,746,2015,M
3503,ian,725,2015,M
3504,fernando,674,2015,M
3505,oscar,671,2015,M
3506,luca,666,2015,M
3507,andres,664,2015,M
3508,biel,654,2015,M
3509,ismael,629,2015,M
3510,alonso,608,2015,M
3511,pol,599,2015,M
3512,nil,599,2015,M
3513,jan,596,2015,M
3514,rayan,575,2015,M
3515,aleix,563,2015,M
3516,arnau,558,2015,M
3517,cristian,552,2015,M
3518,saul,545,2015,M
3519,isaac,535,2015,M
3520,santiago,534,2015,M
3521,julen,533,2015,M
3522,joan,505,2015,M
3523,miguel angel,493,2015,M
3524,aimar,493,2015,M
3525,ignacio,488,2015,M
3526,youssef,476,2015,M
3527,eduardo,455,2015,M
3528,mauro,448,2015,M
3529,enrique,443,2015,M
3530,yago,443,2015,M
3531,jose antonio,420,2015,M
3532,gerard,407,2015,M
3533,abraham,404,2015,M
3534,noah,404,2015,M
3535,omar,398,2015,M
3536,ibai,394,2015,M
3537,francisco javier,392,2015,M
3538,jon,383,2015,M
3539,hugo,4870,2016,M
3540,daniel,4195,2016,M
3541,martin,4050,2016,M
3542,pablo,3776,2016,M
3543,alejandro,3774,2016,M
3544,lucas,3730,2016,M
3545,alvaro,3030,2016,M
3546,adrian,2989,2016,M
3547,mateo,2845,2016,M
3548,david,2818,2016,M
3549,mario,2743,2016,M
3550,manuel,2648,2016,M
3551,diego,2497,2016,M
3552,leo,2452,2016,M
3553,javier,2145,2016,M
3554,marcos,2016,2016,M
3555,izan,1909,2016,M
3556,alex,1833,2016,M
3557,sergio,1774,2016,M
3558,enzo,1752,2016,M
3559,carlos,1680,2016,M
3560,miguel,1587,2016,M
3561,marc,1576,2016,M
3562,jorge,1545,2016,M
3563,antonio,1510,2016,M
3564,gonzalo,1434,2016,M
3565,juan,1358,2016,M
3566,angel,1325,2016,M
3567,oliver,1314,2016,M
3568,iker,1307,2016,M
3569,dylan,1303,2016,M
3570,bruno,1302,2016,M
3571,eric,1262,2016,M
3572,marco,1234,2016,M
3573,ivan,1182,2016,M
3574,nicolas,1147,2016,M
3575,jose,1131,2016,M
3576,hector,1116,2016,M
3577,dario,1109,2016,M
3578,samuel,1093,2016,M
3579,victor,1092,2016,M
3580,ruben,1083,2016,M
3581,gabriel,1067,2016,M
3582,adam,1052,2016,M
3583,aaron,1014,2016,M
3584,thiago,989,2016,M
3585,gael,941,2016,M
3586,francisco,915,2016,M
3587,guillermo,883,2016,M
3588,raul,877,2016,M
3589,rodrigo,871,2016,M
3590,erik,868,2016,M
3591,jaime,862,2016,M
3592,aitor,858,2016,M
3593,jesus,857,2016,M
3594,pedro,853,2016,M
3595,joel,837,2016,M
3596,pau,833,2016,M
3597,alberto,815,2016,M
3598,luis,814,2016,M
3599,luca,787,2016,M
3600,mohamed,785,2016,M
3601,ian,784,2016,M
3602,rafael,778,2016,M
3603,julen,775,2016,M
3604,unai,705,2016,M
3605,asier,693,2016,M
3606,marti,640,2016,M
3607,rayan,620,2016,M
3608,jan,605,2016,M
3609,fernando,605,2016,M
3610,pol,602,2016,M
3611,biel,596,2016,M
3612,ismael,579,2016,M
3613,saul,565,2016,M
3614,andres,561,2016,M
3615,oscar,553,2016,M
3616,alonso,552,2016,M
3617,aleix,546,2016,M
3618,nil,540,2016,M
3619,cristian,524,2016,M
3620,santiago,499,2016,M
3621,isaac,498,2016,M
3622,ignacio,478,2016,M
3623,arnau,474,2016,M
3624,miguel angel,472,2016,M
3625,youssef,444,2016,M
3626,enrique,442,2016,M
3627,mauro,431,2016,M
3628,joan,423,2016,M
3629,jon,413,2016,M
3630,noah,409,2016,M
3631,jose antonio,406,2016,M
3632,jose manuel,406,2016,M
3633,omar,394,2016,M
3634,eduardo,391,2016,M
3635,aimar,389,2016,M
3636,gerard,385,2016,M
3637,aritz,380,2016,M
3638,liam,372,2016,M
3639,jordi,370,2016,M
3640,lucas,4209,2017,M
3641,hugo,4141,2017,M
3642,martin,3838,2017,M
3643,daniel,3717,2017,M
3644,pablo,3426,2017,M
3645,alejandro,3220,2017,M
3646,mateo,3124,2017,M
3647,adrian,2841,2017,M
3648,alvaro,2794,2017,M
3649,manuel,2517,2017,M
3650,leo,2489,2017,M
3651,david,2471,2017,M
3652,mario,2418,2017,M
3653,diego,2255,2017,M
3654,javier,2012,2017,M
3655,enzo,1962,2017,M
3656,izan,1890,2017,M
3657,marcos,1751,2017,M
3658,marco,1716,2017,M
3659,alex,1618,2017,M
3660,carlos,1574,2017,M
3661,sergio,1538,2017,M
3662,marc,1497,2017,M
3663,antonio,1461,2017,M
3664,bruno,1443,2017,M
3665,miguel,1404,2017,M
3666,gonzalo,1397,2017,M
3667,jorge,1391,2017,M
3668,juan,1322,2017,M
3669,angel,1285,2017,M
3670,dylan,1283,2017,M
3671,nicolas,1243,2017,M
3672,oliver,1229,2017,M
3673,thiago,1163,2017,M
3674,eric,1126,2017,M
3675,iker,1095,2017,M
3676,gabriel,1093,2017,M
3677,jose,1062,2017,M
3678,hector,1052,2017,M
3679,ivan,1049,2017,M
3680,adam,1047,2017,M
3681,gael,1029,2017,M
3682,dario,1006,2017,M
3683,samuel,1002,2017,M
3684,victor,971,2017,M
3685,rodrigo,946,2017,M
3686,ruben,944,2017,M
3687,luca,898,2017,M
3688,jesus,890,2017,M
3689,aaron,862,2017,M
3690,raul,835,2017,M
3691,francisco,831,2017,M
3692,guillermo,810,2017,M
3693,ian,808,2017,M
3694,erik,800,2017,M
3695,pedro,799,2017,M
3696,jaime,792,2017,M
3697,aitor,782,2017,M
3698,pau,778,2017,M
3699,rafael,766,2017,M
3700,alberto,740,2017,M
3701,mohamed,734,2017,M
3702,luis,730,2017,M
3703,joel,720,2017,M
3704,julen,710,2017,M
3705,saul,696,2017,M
3706,unai,637,2017,M
3707,pol,635,2017,M
3708,marti,609,2017,M
3709,rayan,588,2017,M
3710,andres,575,2017,M
3711,ismael,569,2017,M
3712,nil,568,2017,M
3713,fernando,567,2017,M
3714,asier,561,2017,M
3715,jan,560,2017,M
3716,santiago,555,2017,M
3717,liam,537,2017,M
3718,alonso,534,2017,M
3719,aleix,499,2017,M
3720,biel,498,2017,M
3721,alan,491,2017,M
3722,arnau,478,2017,M
3723,youssef,477,2017,M
3724,oscar,464,2017,M
3725,ignacio,443,2017,M
3726,isaac,435,2017,M
3727,cristian,432,2017,M
3728,miguel angel,428,2017,M
3729,matias,427,2017,M
3730,amir,417,2017,M
3731,neizan,413,2017,M
3732,noah,408,2017,M
3733,joan,407,2017,M
3734,axel,392,2017,M
3735,teo,382,2017,M
3736,enrique,380,2017,M
3737,imran,371,2017,M
3738,omar,369,2017,M
3739,mauro,363,2017,M
3740,hugo,3800,2018,M
3741,lucas,3617,2018,M
3742,martin,3332,2018,M
3743,daniel,3223,2018,M
3744,pablo,3139,2018,M
3745,mateo,3100,2018,M
3746,alejandro,3000,2018,M
3747,leo,2651,2018,M
3748,alvaro,2495,2018,M
3749,manuel,2476,2018,M
3750,adrian,2412,2018,M
3751,david,2186,2018,M
3752,mario,2075,2018,M
3753,diego,1968,2018,M
3754,enzo,1848,2018,M
3755,marco,1703,2018,M
3756,javier,1698,2018,M
3757,marcos,1694,2018,M
3758,izan,1658,2018,M
3759,antonio,1434,2018,M
3760,bruno,1410,2018,M
3761,sergio,1408,2018,M
3762,alex,1364,2018,M
3763,miguel,1315,2018,M
3764,carlos,1295,2018,M
3765,marc,1292,2018,M
3766,thiago,1280,2018,M
3767,juan,1233,2018,M
3768,gonzalo,1227,2018,M
3769,oliver,1204,2018,M
3770,nicolas,1202,2018,M
3771,jorge,1200,2018,M
3772,angel,1197,2018,M
3773,dylan,1109,2018,M
3774,eric,1108,2018,M
3775,gabriel,1081,2018,M
3776,jose,1068,2018,M
3777,gael,1058,2018,M
3778,samuel,1026,2018,M
3779,dario,1018,2018,M
3780,hector,999,2018,M
3781,saul,954,2018,M
3782,adam,948,2018,M
3783,ivan,863,2018,M
3784,victor,858,2018,M
3785,rodrigo,854,2018,M
3786,iker,845,2018,M
3787,aaron,813,2018,M
3788,ruben,813,2018,M
3789,francisco,799,2018,M
3790,luca,793,2018,M
3791,jesus,788,2018,M
3792,pau,779,2018,M
3793,jaime,766,2018,M
3794,luis,758,2018,M
3795,mohamed,742,2018,M
3796,guillermo,740,2018,M
3797,raul,728,2018,M
3798,ian,716,2018,M
3799,alberto,713,2018,M
3800,erik,708,2018,M
3801,pedro,698,2018,M
3802,amir,695,2018,M
3803,liam,694,2018,M
3804,unai,682,2018,M
3805,joel,681,2018,M
3806,rafael,675,2018,M
3807,julen,665,2018,M
3808,aitor,618,2018,M
3809,pol,612,2018,M
3810,marti,518,2018,M
3811,jan,517,2018,M
3812,asier,516,2018,M
3813,santiago,512,2018,M
3814,alonso,509,2018,M
3815,ismael,497,2018,M
3816,nil,495,2018,M
3817,rayan,493,2018,M
3818,andres,486,2018,M
3819,fernando,465,2018,M
3820,biel,454,2018,M
3821,noah,453,2018,M
3822,arnau,445,2018,M
3823,ignacio,430,2018,M
3824,isaac,429,2018,M
3825,matias,429,2018,M
3826,cristian,419,2018,M
3827,axel,418,2018,M
3828,oscar,408,2018,M
3829,omar,400,2018,M
3830,imran,399,2018,M
3831,youssef,397,2018,M
3832,alan,386,2018,M
3833,aleix,385,2018,M
3834,joan,379,2018,M
3835,luka,379,2018,M
3836,teo,370,2018,M
3837,mauro,357,2018,M
3838,jon,353,2018,M
3839,miguel angel,347,2018,M
3840,hugo,3536,2019,M
3841,martin,3256,2019,M
3842,lucas,3185,2019,M
3843,mateo,3160,2019,M
3844,leo,2960,2019,M
3845,daniel,2958,2019,M
3846,alejandro,2937,2019,M
3847,pablo,2868,2019,M
3848,manuel,2460,2019,M
3849,alvaro,2279,2019,M
3850,adrian,2200,2019,M
3851,david,1978,2019,M
3852,mario,1896,2019,M
3853,enzo,1891,2019,M
3854,diego,1876,2019,M
3855,marcos,1510,2019,M
3856,izan,1505,2019,M
3857,javier,1501,2019,M
3858,marco,1478,2019,M
3859,alex,1432,2019,M
3860,bruno,1357,2019,M
3861,oliver,1356,2019,M
3862,miguel,1318,2019,M
3863,thiago,1317,2019,M
3864,antonio,1315,2019,M
3865,marc,1286,2019,M
3866,carlos,1229,2019,M
3867,angel,1204,2019,M
3868,juan,1188,2019,M
3869,gonzalo,1165,2019,M
3870,gael,1163,2019,M
3871,sergio,1161,2019,M
3872,nicolas,1135,2019,M
3873,dylan,1079,2019,M
3874,gabriel,1059,2019,M
3875,jorge,1051,2019,M
3876,jose,1046,2019,M
3877,adam,982,2019,M
3878,liam,962,2019,M
3879,eric,951,2019,M
3880,samuel,940,2019,M
3881,dario,935,2019,M
3882,hector,926,2019,M
3883,luca,911,2019,M
3884,iker,893,2019,M
3885,amir,813,2019,M
3886,rodrigo,813,2019,M
3887,saul,812,2019,M
3888,victor,763,2019,M
3889,francisco,756,2019,M
3890,ivan,756,2019,M
3891,jesus,754,2019,M
3892,jaime,742,2019,M
3893,aaron,714,2019,M
3894,ruben,706,2019,M
3895,ian,691,2019,M
3896,guillermo,688,2019,M
3897,erik,684,2019,M
3898,mohamed,682,2019,M
3899,julen,676,2019,M
3900,luis,676,2019,M
3901,pau,640,2019,M
3902,unai,623,2019,M
3903,rafael,612,2019,M
3904,joel,611,2019,M
3905,alberto,591,2019,M
3906,pedro,583,2019,M
3907,raul,579,2019,M
3908,aitor,568,2019,M
3909,santiago,548,2019,M
3910,rayan,542,2019,M
3911,pol,521,2019,M
3912,nil,517,2019,M
3913,noah,514,2019,M
3914,jan,505,2019,M
3915,asier,496,2019,M
3916,fernando,492,2019,M
3917,alonso,464,2019,M
3918,matias,449,2019,M
3919,biel,447,2019,M
3920,andres,441,2019,M
3921,axel,439,2019,M
3922,ismael,435,2019,M
3923,marti,433,2019,M
3924,arnau,417,2019,M
3925,imran,396,2019,M
3926,luka,393,2019,M
3927,ignacio,387,2019,M
3928,aleix,381,2019,M
3929,alan,376,2019,M
3930,elias,372,2019,M
3931,omar,370,2019,M
3932,isaac,369,2019,M
3933,youssef,366,2019,M
3934,jon,361,2019,M
3935,teo,360,2019,M
3936,mauro,352,2019,M
3937,oscar,343,2019,M
3938,cristian,340,2019,M
3939,leonardo,332,2019,M
